customer_id,first_name,last_name,email,city,country,signup_date,age
1,David,Johnson,david.johnson1@example.com,Leeds,UK,2018-04-13,32
2,John,Johnson,john.johnson2@example.com,Manchester,UK,2024-02-12,20
3,James,Johnson,james.johnson3@example.com,Glasgow,UK,2020-06-14,53
4,Patricia,Hernandez,patricia.hernandez4@example.com,Bristol,UK,2024-02-11,46
5,Elizabeth,Jones,elizabeth.jones5@example.com,Birmingham,UK,2018-01-27,39
6,Robert,Williams,robert.williams6@example.com,Liverpool,UK,2020-05-31,23
7,Michael,Johnson,michael.johnson7@example.com,Liverpool,UK,2022-01-10,69
8,James,Davis,james.davis8@example.com,Manchester,UK,2024-01-06,23
9,William,Jones,william.jones9@example.com,Cardiff,UK,2022-01-21,63
10,Mary,Smith,mary.smith10@example.com,Leeds,UK,2020-07-22,72
11,Patricia,Johnson,patricia.johnson11@example.com,Leeds,UK,2022-04-06,58
12,Jennifer,Williams,jennifer.williams12@example.com,Liverpool,UK,2022-02-25,60
13,Robert,Hernandez,robert.hernandez13@example.com,Cardiff,UK,2018-10-20,52
14,Barbara,Brown,barbara.brown14@example.com,Sheffield,UK,2019-11-01,35
15,David,Rodriguez,david.rodriguez15@example.com,Liverpool,UK,2020-06-18,32
16,James,Garcia,james.garcia16@example.com,Leeds,UK,2022-07-02,31
17,Elizabeth,Garcia,elizabeth.garcia17@example.com,Sheffield,UK,2020-05-20,74
18,David,Davis,david.davis18@example.com,Leeds,UK,2019-08-09,33
19,Barbara,Rodriguez,barbara.rodriguez19@example.com,Leeds,UK,2024-01-17,75
20,Elizabeth,Miller,elizabeth.miller20@example.com,Glasgow,UK,2022-01-22,50
21,Linda,Johnson,linda.johnson21@example.com,Manchester,UK,2018-07-12,58
22,John,Hernandez,john.hernandez22@example.com,Cardiff,UK,2022-09-26,42
23,Michael,Martinez,michael.martinez23@example.com,Edinburgh,UK,2023-04-02,53
24,James,Hernandez,james.hernandez24@example.com,Edinburgh,UK,2019-04-15,67
25,David,Garcia,david.garcia25@example.com,Leeds,UK,2019-04-02,28
26,Linda,Smith,linda.smith26@example.com,Edinburgh,UK,2020-12-14,50
27,Mary,Hernandez,mary.hernandez27@example.com,Edinburgh,UK,2021-05-07,27
28,Jennifer,Williams,jennifer.williams28@example.com,Edinburgh,UK,2024-01-19,56
29,Jennifer,Davis,jennifer.davis29@example.com,Manchester,UK,2018-03-21,74
30,Robert,Brown,robert.brown30@example.com,Glasgow,UK,2018-08-26,23
31,Barbara,Davis,barbara.davis31@example.com,Edinburgh,UK,2018-10-11,26
32,David,Davis,david.davis32@example.com,Birmingham,UK,2024-03-01,51
33,Elizabeth,Miller,elizabeth.miller33@example.com,Edinburgh,UK,2020-05-17,63
34,Robert,Miller,robert.miller34@example.com,Sheffield,UK,2022-03-10,25
35,Patricia,Brown,patricia.brown35@example.com,Liverpool,UK,2018-09-20,55
36,William,Brown,william.brown36@example.com,Glasgow,UK,2024-08-07,22
37,Barbara,Hernandez,barbara.hernandez37@example.com,Glasgow,UK,2018-08-30,75
38,James,Garcia,james.garcia38@example.com,Edinburgh,UK,2018-10-18,35
39,David,Davis,david.davis39@example.com,Edinburgh,UK,2020-05-27,64
40,Elizabeth,Martinez,elizabeth.martinez40@example.com,Glasgow,UK,2023-04-21,69
41,Michael,Brown,michael.brown41@example.com,Manchester,UK,2019-01-22,40
42,Michael,Miller,michael.miller42@example.com,London,UK,2023-03-28,21
43,Michael,Garcia,michael.garcia43@example.com,Glasgow,UK,2019-03-24,30
44,William,Davis,william.davis44@example.com,Bristol,UK,2019-07-29,35
45,Linda,Brown,linda.brown45@example.com,Sheffield,UK,2018-11-05,21
46,David,Rodriguez,david.rodriguez46@example.com,Manchester,UK,2018-03-02,28
47,Michael,Davis,michael.davis47@example.com,Glasgow,UK,2023-05-26,75
48,James,Williams,james.williams48@example.com,London,UK,2022-04-02,34
49,Linda,Jones,linda.jones49@example.com,Edinburgh,UK,2022-09-29,27
50,Patricia,Jones,patricia.jones50@example.com,London,UK,2020-06-10,65
51,Jennifer,Smith,jennifer.smith51@example.com,Cardiff,UK,2018-07-25,50
52,William,Williams,william.williams52@example.com,Edinburgh,UK,2018-08-21,72
53,John,Johnson,john.johnson53@example.com,Manchester,UK,2024-09-03,43
54,Mary,Martinez,mary.martinez54@example.com,Cardiff,UK,2020-10-05,57
55,Mary,Miller,mary.miller55@example.com,Cardiff,UK,2024-07-18,34
56,Patricia,Hernandez,patricia.hernandez56@example.com,Glasgow,UK,2021-07-10,43
57,John,Hernandez,john.hernandez57@example.com,Sheffield,UK,2021-05-13,66
58,Mary,Smith,mary.smith58@example.com,Cardiff,UK,2023-02-21,22
59,William,Brown,william.brown59@example.com,Leeds,UK,2023-09-04,40
60,Mary,Brown,mary.brown60@example.com,Leeds,UK,2022-02-22,46
61,William,Jones,william.jones61@example.com,London,UK,2023-12-07,60
62,Mary,Williams,mary.williams62@example.com,Manchester,UK,2020-12-19,65
63,William,Williams,william.williams63@example.com,Leeds,UK,2021-01-20,63
64,Jennifer,Brown,jennifer.brown64@example.com,Edinburgh,UK,2020-12-17,34
65,James,Johnson,james.johnson65@example.com,Leeds,UK,2022-10-01,18
66,Jennifer,Williams,jennifer.williams66@example.com,Birmingham,UK,2020-12-08,53
67,Barbara,Miller,barbara.miller67@example.com,London,UK,2024-04-16,22
68,Barbara,Williams,barbara.williams68@example.com,London,UK,2024-02-13,55
69,William,Williams,william.williams69@example.com,Birmingham,UK,2022-10-27,37
70,Jennifer,Smith,jennifer.smith70@example.com,Glasgow,UK,2022-01-05,60
71,Mary,Garcia,mary.garcia71@example.com,Bristol,UK,2024-04-12,33
72,John,Williams,john.williams72@example.com,London,UK,2022-08-16,65
73,Jennifer,Miller,jennifer.miller73@example.com,Leeds,UK,2020-10-13,68
74,Barbara,Johnson,barbara.johnson74@example.com,London,UK,2022-04-16,32
75,Patricia,Davis,patricia.davis75@example.com,Leeds,UK,2021-12-03,32
76,James,Hernandez,james.hernandez76@example.com,Bristol,UK,2020-03-02,35
77,Mary,Jones,mary.jones77@example.com,Edinburgh,UK,2021-12-09,61
78,William,Garcia,william.garcia78@example.com,Manchester,UK,2018-04-24,29
79,Elizabeth,Jones,elizabeth.jones79@example.com,Manchester,UK,2018-06-06,40
80,Barbara,Garcia,barbara.garcia80@example.com,Cardiff,UK,2022-11-23,42
81,Elizabeth,Brown,elizabeth.brown81@example.com,London,UK,2020-11-09,18
82,William,Rodriguez,william.rodriguez82@example.com,Liverpool,UK,2020-03-18,22
83,David,Garcia,david.garcia83@example.com,Manchester,UK,2021-07-09,50
84,Robert,Hernandez,robert.hernandez84@example.com,Liverpool,UK,2022-07-31,62
85,Robert,Rodriguez,robert.rodriguez85@example.com,Glasgow,UK,2019-06-06,60
86,Michael,Hernandez,michael.hernandez86@example.com,Cardiff,UK,2019-12-14,43
87,William,Smith,william.smith87@example.com,Leeds,UK,2021-05-29,45
88,Elizabeth,Martinez,elizabeth.martinez88@example.com,Sheffield,UK,2021-08-12,46
89,David,Brown,david.brown89@example.com,Sheffield,UK,2023-09-25,60
90,Mary,Jones,mary.jones90@example.com,Cardiff,UK,2023-10-13,23
91,Patricia,Hernandez,patricia.hernandez91@example.com,Glasgow,UK,2021-06-25,27
92,James,Smith,james.smith92@example.com,Sheffield,UK,2020-09-29,47
93,Michael,Hernandez,michael.hernandez93@example.com,Glasgow,UK,2024-06-15,49
94,Michael,Brown,michael.brown94@example.com,London,UK,2019-08-28,67
95,Michael,Brown,michael.brown95@example.com,Edinburgh,UK,2019-12-22,21
96,William,Brown,william.brown96@example.com,Sheffield,UK,2019-05-13,69
97,Linda,Hernandez,linda.hernandez97@example.com,Edinburgh,UK,2023-12-16,66
98,Linda,Martinez,linda.martinez98@example.com,Bristol,UK,2023-08-30,75
99,John,Davis,john.davis99@example.com,Leeds,UK,2023-01-18,71
100,David,Jones,david.jones100@example.com,Sheffield,UK,2023-11-06,35
101,Linda,Johnson,linda.johnson101@example.com,Glasgow,UK,2021-03-16,39
102,Jennifer,Rodriguez,jennifer.rodriguez102@example.com,Birmingham,UK,2018-11-27,32
103,Michael,Williams,michael.williams103@example.com,Manchester,UK,2020-05-26,44
104,Jennifer,Rodriguez,jennifer.rodriguez104@example.com,Bristol,UK,2023-03-24,31
105,Michael,Miller,michael.miller105@example.com,London,UK,2024-07-20,48
106,James,Garcia,james.garcia106@example.com,Bristol,UK,2021-05-08,52
107,Barbara,Rodriguez,barbara.rodriguez107@example.com,Glasgow,UK,2024-10-06,32
108,Robert,Miller,robert.miller108@example.com,London,UK,2023-06-13,39
109,David,Hernandez,david.hernandez109@example.com,Birmingham,UK,2022-07-15,26
110,Elizabeth,Rodriguez,elizabeth.rodriguez110@example.com,Bristol,UK,2018-04-21,23
111,David,Miller,david.miller111@example.com,Sheffield,UK,2019-07-10,21
112,Robert,Miller,robert.miller112@example.com,Glasgow,UK,2021-09-02,38
113,Jennifer,Miller,jennifer.miller113@example.com,Bristol,UK,2021-02-13,71
114,Mary,Davis,mary.davis114@example.com,Edinburgh,UK,2018-03-21,40
115,Patricia,Hernandez,patricia.hernandez115@example.com,London,UK,2018-10-09,33
116,Patricia,Smith,patricia.smith116@example.com,Glasgow,UK,2019-09-17,48
117,David,Johnson,david.johnson117@example.com,Glasgow,UK,2024-04-29,62
118,Robert,Garcia,robert.garcia118@example.com,Cardiff,UK,2019-11-19,67
119,John,Jones,john.jones119@example.com,Cardiff,UK,2019-03-19,37
120,Elizabeth,Hernandez,elizabeth.hernandez120@example.com,Bristol,UK,2022-03-18,22
121,Elizabeth,Hernandez,elizabeth.hernandez121@example.com,Manchester,UK,2020-09-21,72
122,David,Martinez,david.martinez122@example.com,Cardiff,UK,2019-05-11,40
123,William,Miller,william.miller123@example.com,Manchester,UK,2022-02-26,18
124,Michael,Davis,michael.davis124@example.com,Bristol,UK,2019-03-09,58
125,Linda,Williams,linda.williams125@example.com,Birmingham,UK,2022-11-19,57
126,William,Davis,william.davis126@example.com,Bristol,UK,2023-03-20,38
127,Patricia,Johnson,patricia.johnson127@example.com,Sheffield,UK,2021-02-16,66
128,Linda,Martinez,linda.martinez128@example.com,Bristol,UK,2024-11-04,19
129,Linda,Garcia,linda.garcia129@example.com,Sheffield,UK,2020-01-15,40
130,Robert,Garcia,robert.garcia130@example.com,Cardiff,UK,2021-02-19,53
131,James,Rodriguez,james.rodriguez131@example.com,Manchester,UK,2020-02-22,64
132,Michael,Davis,michael.davis132@example.com,Glasgow,UK,2024-03-24,59
133,Barbara,Davis,barbara.davis133@example.com,London,UK,2023-01-10,36
134,Patricia,Miller,patricia.miller134@example.com,Leeds,UK,2020-09-23,48
135,William,Rodriguez,william.rodriguez135@example.com,Bristol,UK,2021-11-09,40
136,Barbara,Davis,barbara.davis136@example.com,Leeds,UK,2021-01-14,32
137,Mary,Brown,mary.brown137@example.com,Manchester,UK,2021-07-16,30
138,Patricia,Davis,patricia.davis138@example.com,Cardiff,UK,2021-02-06,24
139,Patricia,Jones,patricia.jones139@example.com,Liverpool,UK,2020-07-20,37
140,James,Rodriguez,james.rodriguez140@example.com,Leeds,UK,2019-06-03,21
141,William,Jones,william.jones141@example.com,Sheffield,UK,2019-06-02,73
142,James,Martinez,james.martinez142@example.com,Sheffield,UK,2021-03-10,46
143,Jennifer,Williams,jennifer.williams143@example.com,Leeds,UK,2018-07-30,25
144,Mary,Miller,mary.miller144@example.com,Manchester,UK,2023-07-08,27
145,John,Martinez,john.martinez145@example.com,Manchester,UK,2021-05-29,25
146,William,Miller,william.miller146@example.com,Cardiff,UK,2024-10-19,67
147,William,Miller,william.miller147@example.com,Sheffield,UK,2023-01-20,73
148,Elizabeth,Miller,elizabeth.miller148@example.com,Cardiff,UK,2021-06-04,57
149,Barbara,Johnson,barbara.johnson149@example.com,Glasgow,UK,2020-05-01,60
150,Mary,Williams,mary.williams150@example.com,Birmingham,UK,2020-09-09,28
151,James,Miller,james.miller151@example.com,Cardiff,UK,2023-01-20,36
152,James,Brown,james.brown152@example.com,Leeds,UK,2021-03-26,22
153,David,Brown,david.brown153@example.com,Cardiff,UK,2020-12-19,45
154,Mary,Rodriguez,mary.rodriguez154@example.com,Birmingham,UK,2020-07-09,70
155,John,Johnson,john.johnson155@example.com,Birmingham,UK,2018-09-02,56
156,Barbara,Martinez,barbara.martinez156@example.com,Sheffield,UK,2021-03-28,47
157,Barbara,Jones,barbara.jones157@example.com,Leeds,UK,2022-07-07,46
158,Mary,Martinez,mary.martinez158@example.com,Bristol,UK,2018-06-13,56
159,Robert,Smith,robert.smith159@example.com,Glasgow,UK,2019-01-10,66
160,David,Jones,david.jones160@example.com,London,UK,2024-06-18,48
161,William,Hernandez,william.hernandez161@example.com,Leeds,UK,2022-12-17,55
162,Michael,Hernandez,michael.hernandez162@example.com,Manchester,UK,2023-07-08,40
163,Michael,Garcia,michael.garcia163@example.com,Manchester,UK,2021-08-08,39
164,Michael,Davis,michael.davis164@example.com,Bristol,UK,2021-03-26,47
165,Mary,Garcia,mary.garcia165@example.com,Liverpool,UK,2020-10-30,67
166,Michael,Rodriguez,michael.rodriguez166@example.com,Edinburgh,UK,2018-01-05,44
167,James,Brown,james.brown167@example.com,Liverpool,UK,2023-10-25,58
168,Linda,Smith,linda.smith168@example.com,Leeds,UK,2020-04-13,36
169,Linda,Davis,linda.davis169@example.com,London,UK,2019-05-13,63
170,John,Jones,john.jones170@example.com,London,UK,2024-03-06,23
171,Patricia,Johnson,patricia.johnson171@example.com,Manchester,UK,2023-03-06,49
172,Barbara,Jones,barbara.jones172@example.com,Leeds,UK,2023-09-16,71
173,Linda,Davis,linda.davis173@example.com,Sheffield,UK,2020-09-25,42
174,Patricia,Martinez,patricia.martinez174@example.com,Birmingham,UK,2023-09-13,35
175,Michael,Garcia,michael.garcia175@example.com,Leeds,UK,2023-09-11,36
176,Barbara,Jones,barbara.jones176@example.com,Cardiff,UK,2024-08-01,73
177,John,Davis,john.davis177@example.com,Sheffield,UK,2024-01-16,39
178,William,Rodriguez,william.rodriguez178@example.com,Sheffield,UK,2022-03-26,73
179,Patricia,Brown,patricia.brown179@example.com,Bristol,UK,2024-05-31,72
180,Michael,Smith,michael.smith180@example.com,Sheffield,UK,2021-07-27,42
181,David,Hernandez,david.hernandez181@example.com,Sheffield,UK,2019-09-16,26
182,William,Martinez,william.martinez182@example.com,Manchester,UK,2021-09-21,24
183,William,Davis,william.davis183@example.com,Birmingham,UK,2018-03-04,73
184,David,Williams,david.williams184@example.com,Sheffield,UK,2018-11-03,39
185,Elizabeth,Miller,elizabeth.miller185@example.com,Liverpool,UK,2018-11-25,38
186,David,Davis,david.davis186@example.com,London,UK,2024-01-26,33
187,David,Hernandez,david.hernandez187@example.com,Glasgow,UK,2021-03-23,45
188,Mary,Hernandez,mary.hernandez188@example.com,Sheffield,UK,2019-02-16,62
189,Robert,Smith,robert.smith189@example.com,Liverpool,UK,2018-07-08,36
190,Jennifer,Garcia,jennifer.garcia190@example.com,Birmingham,UK,2022-10-31,51
191,Michael,Martinez,michael.martinez191@example.com,Birmingham,UK,2020-01-08,23
192,Elizabeth,Miller,elizabeth.miller192@example.com,Sheffield,UK,2020-09-13,32
193,Linda,Hernandez,linda.hernandez193@example.com,Sheffield,UK,2020-11-06,60
194,James,Davis,james.davis194@example.com,Edinburgh,UK,2021-03-24,22
195,Linda,Garcia,linda.garcia195@example.com,Leeds,UK,2024-08-03,62
196,Robert,Davis,robert.davis196@example.com,Glasgow,UK,2021-05-22,72
197,Linda,Johnson,linda.johnson197@example.com,Bristol,UK,2020-08-29,54
198,Robert,Jones,robert.jones198@example.com,Bristol,UK,2018-03-31,18
199,Elizabeth,Hernandez,elizabeth.hernandez199@example.com,Cardiff,UK,2018-07-20,71
200,Robert,Brown,robert.brown200@example.com,Liverpool,UK,2024-10-22,58
201,Patricia,Martinez,patricia.martinez201@example.com,Birmingham,UK,2020-10-23,75
202,David,Hernandez,david.hernandez202@example.com,Leeds,UK,2018-06-11,20
203,Elizabeth,Garcia,elizabeth.garcia203@example.com,Manchester,UK,2019-06-23,38
204,Barbara,Miller,barbara.miller204@example.com,Glasgow,UK,2019-12-21,68
205,William,Garcia,william.garcia205@example.com,Edinburgh,UK,2023-12-15,71
206,John,Jones,john.jones206@example.com,Leeds,UK,2023-05-28,69
207,Mary,Davis,mary.davis207@example.com,Birmingham,UK,2018-11-05,73
208,David,Hernandez,david.hernandez208@example.com,Edinburgh,UK,2022-06-16,23
209,Michael,Smith,michael.smith209@example.com,Edinburgh,UK,2020-12-19,47
210,Jennifer,Hernandez,jennifer.hernandez210@example.com,Cardiff,UK,2020-12-09,70
211,David,Garcia,david.garcia211@example.com,Glasgow,UK,2019-03-20,19
212,Elizabeth,Rodriguez,elizabeth.rodriguez212@example.com,Cardiff,UK,2021-09-05,59
213,Mary,Hernandez,mary.hernandez213@example.com,Leeds,UK,2023-03-17,25
214,John,Smith,john.smith214@example.com,Leeds,UK,2018-06-02,25
215,Mary,Brown,mary.brown215@example.com,Birmingham,UK,2024-01-11,47
216,Jennifer,Hernandez,jennifer.hernandez216@example.com,Bristol,UK,2024-01-22,74
217,Michael,Hernandez,michael.hernandez217@example.com,Sheffield,UK,2019-02-10,35
218,James,Garcia,james.garcia218@example.com,Sheffield,UK,2020-06-08,33
219,Jennifer,Johnson,jennifer.johnson219@example.com,Edinburgh,UK,2022-02-13,21
220,Michael,Jones,michael.jones220@example.com,Manchester,UK,2020-02-17,23
221,David,Brown,david.brown221@example.com,London,UK,2024-09-11,68
222,Jennifer,Brown,jennifer.brown222@example.com,Cardiff,UK,2019-05-31,22
223,William,Brown,william.brown223@example.com,Glasgow,UK,2024-07-29,39
224,John,Martinez,john.martinez224@example.com,Leeds,UK,2018-01-12,26
225,William,Jones,william.jones225@example.com,Manchester,UK,2019-12-16,26
226,James,Garcia,james.garcia226@example.com,Cardiff,UK,2020-09-01,19
227,John,Jones,john.jones227@example.com,Birmingham,UK,2018-08-03,51
228,Mary,Johnson,mary.johnson228@example.com,Sheffield,UK,2023-05-05,50
229,Elizabeth,Johnson,elizabeth.johnson229@example.com,Edinburgh,UK,2023-01-26,57
230,James,Hernandez,james.hernandez230@example.com,Leeds,UK,2023-11-06,59
231,James,Smith,james.smith231@example.com,Bristol,UK,2023-05-16,61
232,Mary,Davis,mary.davis232@example.com,Manchester,UK,2022-12-22,38
233,Elizabeth,Williams,elizabeth.williams233@example.com,Birmingham,UK,2018-09-27,57
234,David,Martinez,david.martinez234@example.com,Liverpool,UK,2024-02-25,56
235,William,Jones,william.jones235@example.com,Edinburgh,UK,2023-02-02,24
236,Barbara,Johnson,barbara.johnson236@example.com,Glasgow,UK,2024-03-08,46
237,Patricia,Miller,patricia.miller237@example.com,Sheffield,UK,2021-10-20,44
238,Barbara,Johnson,barbara.johnson238@example.com,Bristol,UK,2021-07-04,60
239,Robert,Garcia,robert.garcia239@example.com,Sheffield,UK,2019-09-18,23
240,Mary,Johnson,mary.johnson240@example.com,Manchester,UK,2022-11-04,69
241,John,Rodriguez,john.rodriguez241@example.com,Cardiff,UK,2018-09-03,60
242,Mary,Miller,mary.miller242@example.com,Bristol,UK,2021-12-19,36
243,Elizabeth,Jones,elizabeth.jones243@example.com,Manchester,UK,2021-12-11,27
244,David,Davis,david.davis244@example.com,Manchester,UK,2020-07-07,72
245,William,Garcia,william.garcia245@example.com,Leeds,UK,2019-04-16,69
246,Michael,Rodriguez,michael.rodriguez246@example.com,London,UK,2024-03-30,19
247,John,Jones,john.jones247@example.com,Liverpool,UK,2021-06-19,18
248,John,Williams,john.williams248@example.com,Bristol,UK,2024-05-08,27
249,Barbara,Hernandez,barbara.hernandez249@example.com,Manchester,UK,2018-05-06,42
250,Michael,Davis,michael.davis250@example.com,Birmingham,UK,2021-10-28,37
251,Barbara,Garcia,barbara.garcia251@example.com,Cardiff,UK,2024-05-13,74
252,James,Williams,james.williams252@example.com,Cardiff,UK,2019-10-07,61
253,Mary,Jones,mary.jones253@example.com,Bristol,UK,2022-12-20,56
254,Linda,Miller,linda.miller254@example.com,Glasgow,UK,2021-01-23,40
255,Michael,Johnson,michael.johnson255@example.com,Cardiff,UK,2021-03-06,51
256,David,Jones,david.jones256@example.com,Glasgow,UK,2018-07-06,56
257,James,Smith,james.smith257@example.com,Leeds,UK,2020-04-17,67
258,John,Jones,john.jones258@example.com,Liverpool,UK,2021-03-31,18
259,Linda,Miller,linda.miller259@example.com,Birmingham,UK,2019-12-21,52
260,Barbara,Brown,barbara.brown260@example.com,Edinburgh,UK,2023-08-12,22
261,Michael,Smith,michael.smith261@example.com,London,UK,2022-11-22,22
262,Jennifer,Martinez,jennifer.martinez262@example.com,Cardiff,UK,2022-10-25,63
263,David,Miller,david.miller263@example.com,Manchester,UK,2021-03-31,19
264,Jennifer,Williams,jennifer.williams264@example.com,Liverpool,UK,2023-02-28,45
265,Mary,Brown,mary.brown265@example.com,Cardiff,UK,2022-11-20,51
266,Mary,Miller,mary.miller266@example.com,Liverpool,UK,2021-06-24,39
267,John,Johnson,john.johnson267@example.com,Manchester,UK,2023-09-22,75
268,Jennifer,Garcia,jennifer.garcia268@example.com,Glasgow,UK,2019-08-28,27
269,Robert,Brown,robert.brown269@example.com,Cardiff,UK,2019-12-12,66
270,David,Johnson,david.johnson270@example.com,Sheffield,UK,2019-12-27,66
271,Elizabeth,Martinez,elizabeth.martinez271@example.com,Cardiff,UK,2023-01-13,73
272,David,Garcia,david.garcia272@example.com,Sheffield,UK,2019-09-11,48
273,Linda,Hernandez,linda.hernandez273@example.com,Leeds,UK,2021-05-25,40
274,William,Johnson,william.johnson274@example.com,Sheffield,UK,2021-06-25,20
275,James,Garcia,james.garcia275@example.com,Manchester,UK,2021-03-21,57
276,Elizabeth,Rodriguez,elizabeth.rodriguez276@example.com,Sheffield,UK,2022-04-24,46
277,Elizabeth,Hernandez,elizabeth.hernandez277@example.com,Liverpool,UK,2020-02-11,50
278,John,Smith,john.smith278@example.com,Manchester,UK,2023-01-20,63
279,Mary,Rodriguez,mary.rodriguez279@example.com,London,UK,2019-12-08,63
280,Linda,Davis,linda.davis280@example.com,Edinburgh,UK,2023-11-17,41
281,Jennifer,Jones,jennifer.jones281@example.com,Bristol,UK,2022-05-06,61
282,Elizabeth,Smith,elizabeth.smith282@example.com,Manchester,UK,2021-10-02,24
283,William,Hernandez,william.hernandez283@example.com,Leeds,UK,2022-05-03,64
284,David,Martinez,david.martinez284@example.com,Liverpool,UK,2019-09-08,55
285,David,Williams,david.williams285@example.com,Leeds,UK,2021-12-03,26
286,Elizabeth,Johnson,elizabeth.johnson286@example.com,Edinburgh,UK,2021-06-22,59
287,Jennifer,Williams,jennifer.williams287@example.com,Manchester,UK,2023-11-27,50
288,Jennifer,Smith,jennifer.smith288@example.com,Leeds,UK,2022-01-25,31
289,Jennifer,Davis,jennifer.davis289@example.com,Glasgow,UK,2020-02-26,27
290,Mary,Jones,mary.jones290@example.com,Edinburgh,UK,2019-02-19,60
291,Jennifer,Martinez,jennifer.martinez291@example.com,Cardiff,UK,2019-06-21,27
292,John,Williams,john.williams292@example.com,Sheffield,UK,2019-11-10,44
293,Jennifer,Hernandez,jennifer.hernandez293@example.com,Sheffield,UK,2020-08-30,66
294,Barbara,Davis,barbara.davis294@example.com,Edinburgh,UK,2020-08-16,37
295,Linda,Brown,linda.brown295@example.com,Cardiff,UK,2022-02-15,47
296,Robert,Miller,robert.miller296@example.com,Edinburgh,UK,2023-08-22,28
297,Patricia,Martinez,patricia.martinez297@example.com,Leeds,UK,2019-07-21,59
298,Linda,Garcia,linda.garcia298@example.com,Manchester,UK,2024-03-21,36
299,Mary,Williams,mary.williams299@example.com,Sheffield,UK,2021-01-22,71
300,Michael,Johnson,michael.johnson300@example.com,Sheffield,UK,2020-06-28,19
301,Michael,Smith,michael.smith301@example.com,Edinburgh,UK,2022-06-12,33
302,Michael,Johnson,michael.johnson302@example.com,Glasgow,UK,2022-03-16,38
303,Mary,Hernandez,mary.hernandez303@example.com,Birmingham,UK,2021-10-05,20
304,Robert,Davis,robert.davis304@example.com,Sheffield,UK,2019-07-23,57
305,James,Johnson,james.johnson305@example.com,Leeds,UK,2018-03-19,71
306,John,Rodriguez,john.rodriguez306@example.com,Edinburgh,UK,2024-10-29,25
307,Robert,Brown,robert.brown307@example.com,Manchester,UK,2021-05-18,33
308,Michael,Hernandez,michael.hernandez308@example.com,Manchester,UK,2023-02-16,71
309,Linda,Martinez,linda.martinez309@example.com,London,UK,2024-01-05,63
310,John,Jones,john.jones310@example.com,London,UK,2022-10-25,33
311,Elizabeth,Miller,elizabeth.miller311@example.com,Manchester,UK,2020-02-07,22
312,William,Rodriguez,william.rodriguez312@example.com,Edinburgh,UK,2023-09-10,42
313,Linda,Smith,linda.smith313@example.com,Liverpool,UK,2022-05-04,65
314,James,Garcia,james.garcia314@example.com,Liverpool,UK,2018-10-04,64
315,David,Hernandez,david.hernandez315@example.com,Cardiff,UK,2019-03-01,26
316,James,Garcia,james.garcia316@example.com,Liverpool,UK,2024-02-15,71
317,David,Davis,david.davis317@example.com,Birmingham,UK,2023-05-15,22
318,Barbara,Davis,barbara.davis318@example.com,Leeds,UK,2018-06-01,20
319,Patricia,Smith,patricia.smith319@example.com,Leeds,UK,2021-07-16,70
320,William,Davis,william.davis320@example.com,London,UK,2020-11-03,36
321,Jennifer,Smith,jennifer.smith321@example.com,Leeds,UK,2021-09-21,69
322,Jennifer,Miller,jennifer.miller322@example.com,Sheffield,UK,2022-06-27,39
323,John,Davis,john.davis323@example.com,Liverpool,UK,2023-07-31,69
324,Mary,Miller,mary.miller324@example.com,Bristol,UK,2018-11-20,52
325,Robert,Garcia,robert.garcia325@example.com,Manchester,UK,2019-02-25,60
326,Robert,Jones,robert.jones326@example.com,Cardiff,UK,2023-01-01,28
327,Barbara,Davis,barbara.davis327@example.com,Sheffield,UK,2021-12-10,64
328,Jennifer,Martinez,jennifer.martinez328@example.com,Leeds,UK,2022-11-17,22
329,David,Hernandez,david.hernandez329@example.com,Liverpool,UK,2022-07-22,19
330,John,Martinez,john.martinez330@example.com,London,UK,2022-11-30,22
331,Patricia,Hernandez,patricia.hernandez331@example.com,Liverpool,UK,2022-02-09,54
332,James,Martinez,james.martinez332@example.com,Sheffield,UK,2019-09-21,41
333,Linda,Johnson,linda.johnson333@example.com,Birmingham,UK,2024-06-08,43
334,Jennifer,Hernandez,jennifer.hernandez334@example.com,Glasgow,UK,2021-02-15,19
335,Barbara,Williams,barbara.williams335@example.com,Edinburgh,UK,2023-08-07,53
336,Mary,Jones,mary.jones336@example.com,Sheffield,UK,2020-12-02,57
337,Robert,Davis,robert.davis337@example.com,Manchester,UK,2020-03-30,72
338,Mary,Davis,mary.davis338@example.com,Sheffield,UK,2019-12-09,69
339,David,Garcia,david.garcia339@example.com,Manchester,UK,2021-11-24,75
340,Robert,Williams,robert.williams340@example.com,Liverpool,UK,2019-12-15,25
341,Patricia,Williams,patricia.williams341@example.com,Sheffield,UK,2020-08-27,41
342,William,Martinez,william.martinez342@example.com,Sheffield,UK,2022-02-20,57
343,Mary,Johnson,mary.johnson343@example.com,Bristol,UK,2021-06-20,51
344,Michael,Miller,michael.miller344@example.com,Manchester,UK,2024-06-12,38
345,David,Johnson,david.johnson345@example.com,Sheffield,UK,2023-01-18,26
346,William,Hernandez,william.hernandez346@example.com,Birmingham,UK,2024-08-04,45
347,William,Smith,william.smith347@example.com,Edinburgh,UK,2019-05-24,37
348,John,Williams,john.williams348@example.com,Glasgow,UK,2021-08-14,51
349,Robert,Johnson,robert.johnson349@example.com,Glasgow,UK,2020-10-23,26
350,David,Jones,david.jones350@example.com,Manchester,UK,2023-12-26,55
351,Elizabeth,Williams,elizabeth.williams351@example.com,Cardiff,UK,2019-12-03,71
352,Elizabeth,Smith,elizabeth.smith352@example.com,Manchester,UK,2018-04-27,59
353,Elizabeth,Jones,elizabeth.jones353@example.com,Cardiff,UK,2020-05-13,57
354,David,Smith,david.smith354@example.com,Edinburgh,UK,2023-08-02,59
355,Robert,Davis,robert.davis355@example.com,Bristol,UK,2020-09-30,47
356,Mary,Smith,mary.smith356@example.com,Sheffield,UK,2019-10-10,48
357,Linda,Brown,linda.brown357@example.com,Cardiff,UK,2021-10-25,38
358,Barbara,Garcia,barbara.garcia358@example.com,Bristol,UK,2021-11-15,66
359,Jennifer,Rodriguez,jennifer.rodriguez359@example.com,Manchester,UK,2024-04-19,33
360,Linda,Johnson,linda.johnson360@example.com,Sheffield,UK,2020-12-31,27
361,Mary,Smith,mary.smith361@example.com,Bristol,UK,2021-04-03,33
362,John,Garcia,john.garcia362@example.com,Liverpool,UK,2024-06-24,66
363,John,Davis,john.davis363@example.com,Sheffield,UK,2023-10-10,74
364,Robert,Davis,robert.davis364@example.com,Manchester,UK,2018-04-05,50
365,Linda,Brown,linda.brown365@example.com,Cardiff,UK,2020-05-31,21
366,James,Jones,james.jones366@example.com,Cardiff,UK,2023-07-21,36
367,William,Smith,william.smith367@example.com,Bristol,UK,2019-03-17,74
368,Robert,Garcia,robert.garcia368@example.com,Liverpool,UK,2022-07-10,43
369,James,Martinez,james.martinez369@example.com,Glasgow,UK,2024-04-20,53
370,Robert,Johnson,robert.johnson370@example.com,Edinburgh,UK,2022-05-02,66
371,William,Jones,william.jones371@example.com,Birmingham,UK,2019-05-02,43
372,Jennifer,Garcia,jennifer.garcia372@example.com,Liverpool,UK,2024-04-03,30
373,Elizabeth,Rodriguez,elizabeth.rodriguez373@example.com,Edinburgh,UK,2022-07-03,20
374,James,Williams,james.williams374@example.com,Sheffield,UK,2021-09-26,27
375,Elizabeth,Rodriguez,elizabeth.rodriguez375@example.com,Liverpool,UK,2019-07-27,28
376,Michael,Martinez,michael.martinez376@example.com,Cardiff,UK,2021-05-10,50
377,William,Rodriguez,william.rodriguez377@example.com,Cardiff,UK,2023-06-30,48
378,James,Garcia,james.garcia378@example.com,Manchester,UK,2021-09-18,55
379,Robert,Hernandez,robert.hernandez379@example.com,Cardiff,UK,2018-04-20,34
380,David,Martinez,david.martinez380@example.com,Glasgow,UK,2024-06-23,55
381,Linda,Williams,linda.williams381@example.com,Cardiff,UK,2023-11-18,27
382,David,Brown,david.brown382@example.com,Cardiff,UK,2018-05-10,30
383,James,Davis,james.davis383@example.com,Bristol,UK,2021-07-08,44
384,Barbara,Brown,barbara.brown384@example.com,Edinburgh,UK,2022-08-08,73
385,Barbara,Smith,barbara.smith385@example.com,Edinburgh,UK,2019-07-20,53
386,Jennifer,Hernandez,jennifer.hernandez386@example.com,Edinburgh,UK,2023-05-14,38
387,John,Davis,john.davis387@example.com,Liverpool,UK,2023-12-24,61
388,Barbara,Hernandez,barbara.hernandez388@example.com,Cardiff,UK,2020-12-18,30
389,Patricia,Jones,patricia.jones389@example.com,Leeds,UK,2024-04-04,37
390,Robert,Brown,robert.brown390@example.com,Liverpool,UK,2023-06-26,40
391,William,Jones,william.jones391@example.com,Manchester,UK,2021-03-24,75
392,Michael,Garcia,michael.garcia392@example.com,Leeds,UK,2019-08-23,36
393,Barbara,Johnson,barbara.johnson393@example.com,Sheffield,UK,2021-11-19,65
394,Linda,Brown,linda.brown394@example.com,Edinburgh,UK,2020-04-07,53
395,Barbara,Jones,barbara.jones395@example.com,Manchester,UK,2019-07-17,33
396,James,Hernandez,james.hernandez396@example.com,Glasgow,UK,2023-12-16,21
397,Mary,Miller,mary.miller397@example.com,Sheffield,UK,2021-09-14,61
398,John,Smith,john.smith398@example.com,Birmingham,UK,2024-03-04,59
399,Linda,Davis,linda.davis399@example.com,Leeds,UK,2020-03-27,36
400,David,Smith,david.smith400@example.com,Cardiff,UK,2019-01-02,52
401,Barbara,Smith,barbara.smith401@example.com,Bristol,UK,2019-12-19,20
402,Michael,Davis,michael.davis402@example.com,Leeds,UK,2020-02-03,18
403,Robert,Martinez,robert.martinez403@example.com,Manchester,UK,2024-10-04,36
404,Linda,Hernandez,linda.hernandez404@example.com,Edinburgh,UK,2024-02-04,74
405,John,Rodriguez,john.rodriguez405@example.com,Leeds,UK,2023-04-02,69
406,Mary,Garcia,mary.garcia406@example.com,Sheffield,UK,2019-10-28,63
407,John,Smith,john.smith407@example.com,Leeds,UK,2021-10-12,29
408,Elizabeth,Hernandez,elizabeth.hernandez408@example.com,Bristol,UK,2022-07-19,23
409,Michael,Hernandez,michael.hernandez409@example.com,Birmingham,UK,2019-01-26,48
410,Jennifer,Brown,jennifer.brown410@example.com,Leeds,UK,2018-01-28,33
411,Linda,Jones,linda.jones411@example.com,Leeds,UK,2021-09-12,34
412,David,Garcia,david.garcia412@example.com,London,UK,2020-08-25,47
413,Robert,Williams,robert.williams413@example.com,Edinburgh,UK,2022-07-19,62
414,Mary,Hernandez,mary.hernandez414@example.com,Liverpool,UK,2021-04-23,32
415,John,Davis,john.davis415@example.com,Sheffield,UK,2019-09-20,44
416,Barbara,Rodriguez,barbara.rodriguez416@example.com,Edinburgh,UK,2023-04-13,66
417,Patricia,Hernandez,patricia.hernandez417@example.com,Manchester,UK,2024-09-06,51
418,Barbara,Garcia,barbara.garcia418@example.com,Cardiff,UK,2018-11-16,21
419,William,Rodriguez,william.rodriguez419@example.com,Cardiff,UK,2020-04-08,28
420,Jennifer,Rodriguez,jennifer.rodriguez420@example.com,Manchester,UK,2022-12-15,63
421,Elizabeth,Davis,elizabeth.davis421@example.com,Edinburgh,UK,2019-01-08,69
422,James,Davis,james.davis422@example.com,Edinburgh,UK,2019-06-25,47
423,Elizabeth,Smith,elizabeth.smith423@example.com,Sheffield,UK,2024-04-07,64
424,James,Miller,james.miller424@example.com,London,UK,2020-11-08,55
425,Mary,Smith,mary.smith425@example.com,Liverpool,UK,2022-10-02,52
426,James,Johnson,james.johnson426@example.com,London,UK,2023-04-18,44
427,John,Williams,john.williams427@example.com,Liverpool,UK,2022-09-18,46
428,Michael,Miller,michael.miller428@example.com,Edinburgh,UK,2018-11-25,59
429,Jennifer,Johnson,jennifer.johnson429@example.com,Edinburgh,UK,2020-01-02,51
430,John,Brown,john.brown430@example.com,London,UK,2018-01-15,47
431,David,Rodriguez,david.rodriguez431@example.com,Edinburgh,UK,2022-10-04,70
432,Patricia,Brown,patricia.brown432@example.com,Liverpool,UK,2023-03-02,35
433,Patricia,Johnson,patricia.johnson433@example.com,Bristol,UK,2018-05-12,33
434,Patricia,Johnson,patricia.johnson434@example.com,Cardiff,UK,2019-02-18,46
435,Elizabeth,Hernandez,elizabeth.hernandez435@example.com,Glasgow,UK,2018-07-19,43
436,Linda,Brown,linda.brown436@example.com,Glasgow,UK,2024-01-20,26
437,William,Jones,william.jones437@example.com,Cardiff,UK,2020-08-17,54
438,Elizabeth,Hernandez,elizabeth.hernandez438@example.com,Glasgow,UK,2021-08-06,74
439,John,Hernandez,john.hernandez439@example.com,Glasgow,UK,2023-11-06,37
440,Robert,Smith,robert.smith440@example.com,Cardiff,UK,2024-03-30,58
441,David,Miller,david.miller441@example.com,Sheffield,UK,2024-03-26,40
442,David,Hernandez,david.hernandez442@example.com,Edinburgh,UK,2022-04-11,62
443,Michael,Miller,michael.miller443@example.com,Leeds,UK,2019-09-04,29
444,William,Davis,william.davis444@example.com,Glasgow,UK,2020-09-14,72
445,Barbara,Williams,barbara.williams445@example.com,London,UK,2023-03-12,44
446,William,Rodriguez,william.rodriguez446@example.com,Bristol,UK,2019-07-04,34
447,Patricia,Garcia,patricia.garcia447@example.com,Sheffield,UK,2018-11-20,23
448,William,Brown,william.brown448@example.com,Leeds,UK,2018-07-31,61
449,Elizabeth,Martinez,elizabeth.martinez449@example.com,Manchester,UK,2018-06-11,69
450,Elizabeth,Hernandez,elizabeth.hernandez450@example.com,Glasgow,UK,2024-04-08,31
451,Jennifer,Jones,jennifer.jones451@example.com,Glasgow,UK,2018-03-04,65
452,Mary,Davis,mary.davis452@example.com,Cardiff,UK,2020-09-20,43
453,Patricia,Rodriguez,patricia.rodriguez453@example.com,Leeds,UK,2021-08-10,47
454,William,Hernandez,william.hernandez454@example.com,Leeds,UK,2022-01-11,41
455,William,Davis,william.davis455@example.com,Manchester,UK,2023-03-24,66
456,Jennifer,Brown,jennifer.brown456@example.com,Liverpool,UK,2022-02-27,20
457,Elizabeth,Brown,elizabeth.brown457@example.com,London,UK,2019-08-21,53
458,Elizabeth,Martinez,elizabeth.martinez458@example.com,Leeds,UK,2022-09-07,30
459,Jennifer,Brown,jennifer.brown459@example.com,Cardiff,UK,2022-04-05,49
460,William,Hernandez,william.hernandez460@example.com,Leeds,UK,2021-10-14,64
461,David,Davis,david.davis461@example.com,Birmingham,UK,2023-03-03,28
462,John,Rodriguez,john.rodriguez462@example.com,Birmingham,UK,2023-06-24,51
463,James,Johnson,james.johnson463@example.com,London,UK,2018-07-18,26
464,David,Brown,david.brown464@example.com,Birmingham,UK,2018-10-06,31
465,William,Davis,william.davis465@example.com,London,UK,2022-03-09,60
466,Linda,Smith,linda.smith466@example.com,Edinburgh,UK,2018-01-28,18
467,James,Rodriguez,james.rodriguez467@example.com,Edinburgh,UK,2021-01-30,19
468,William,Hernandez,william.hernandez468@example.com,Birmingham,UK,2022-10-30,24
469,William,Williams,william.williams469@example.com,Glasgow,UK,2020-09-14,70
470,Jennifer,Jones,jennifer.jones470@example.com,Manchester,UK,2022-06-14,43
471,Linda,Martinez,linda.martinez471@example.com,Glasgow,UK,2020-09-23,61
472,Mary,Hernandez,mary.hernandez472@example.com,Manchester,UK,2018-05-10,42
473,Michael,Rodriguez,michael.rodriguez473@example.com,London,UK,2023-05-04,62
474,John,Johnson,john.johnson474@example.com,Bristol,UK,2023-08-10,54
475,Mary,Rodriguez,mary.rodriguez475@example.com,Glasgow,UK,2018-06-24,75
476,Barbara,Martinez,barbara.martinez476@example.com,Leeds,UK,2023-05-02,22
477,David,Jones,david.jones477@example.com,Cardiff,UK,2024-02-03,29
478,Jennifer,Smith,jennifer.smith478@example.com,Cardiff,UK,2020-04-28,66
479,Barbara,Miller,barbara.miller479@example.com,Leeds,UK,2018-11-12,54
480,Patricia,Martinez,patricia.martinez480@example.com,Edinburgh,UK,2022-05-13,42
481,Barbara,Williams,barbara.williams481@example.com,Edinburgh,UK,2018-11-18,21
482,Mary,Miller,mary.miller482@example.com,Manchester,UK,2020-08-08,56
483,Elizabeth,Martinez,elizabeth.martinez483@example.com,Liverpool,UK,2022-06-13,58
484,Robert,Davis,robert.davis484@example.com,Glasgow,UK,2023-07-03,53
485,Michael,Miller,michael.miller485@example.com,Cardiff,UK,2020-01-31,23
486,Elizabeth,Jones,elizabeth.jones486@example.com,Manchester,UK,2020-10-06,35
487,John,Miller,john.miller487@example.com,Bristol,UK,2019-09-24,41
488,Mary,Johnson,mary.johnson488@example.com,Leeds,UK,2018-01-22,41
489,Robert,Johnson,robert.johnson489@example.com,Manchester,UK,2019-06-27,45
490,Linda,Rodriguez,linda.rodriguez490@example.com,Edinburgh,UK,2024-03-22,24
491,James,Johnson,james.johnson491@example.com,Edinburgh,UK,2021-12-20,56
492,Elizabeth,Garcia,elizabeth.garcia492@example.com,London,UK,2022-04-27,44
493,Michael,Johnson,michael.johnson493@example.com,Glasgow,UK,2024-04-10,61
494,Michael,Williams,michael.williams494@example.com,Leeds,UK,2019-07-23,35
495,Linda,Williams,linda.williams495@example.com,Birmingham,UK,2018-09-17,35
496,Michael,Jones,michael.jones496@example.com,Manchester,UK,2023-06-07,34
497,Patricia,Hernandez,patricia.hernandez497@example.com,Cardiff,UK,2023-07-24,47
498,Mary,Williams,mary.williams498@example.com,London,UK,2021-06-01,39
499,Elizabeth,Miller,elizabeth.miller499@example.com,Sheffield,UK,2021-09-11,45
500,David,Martinez,david.martinez500@example.com,Leeds,UK,2019-07-12,56
501,Barbara,Brown,barbara.brown501@example.com,Liverpool,UK,2023-05-17,43
502,Jennifer,Jones,jennifer.jones502@example.com,Cardiff,UK,2023-07-05,38
503,Michael,Jones,michael.jones503@example.com,Liverpool,UK,2022-05-29,54
504,Patricia,Martinez,patricia.martinez504@example.com,Birmingham,UK,2024-02-13,64
505,Linda,Brown,linda.brown505@example.com,Leeds,UK,2022-12-01,70
506,Michael,Hernandez,michael.hernandez506@example.com,Birmingham,UK,2023-08-08,33
507,Robert,Hernandez,robert.hernandez507@example.com,Bristol,UK,2019-09-24,22
508,Linda,Martinez,linda.martinez508@example.com,Cardiff,UK,2023-05-17,52
509,William,Miller,william.miller509@example.com,London,UK,2024-02-05,62
510,William,Martinez,william.martinez510@example.com,Manchester,UK,2018-12-15,60
511,David,Garcia,david.garcia511@example.com,Cardiff,UK,2019-11-13,54
512,David,Hernandez,david.hernandez512@example.com,Liverpool,UK,2022-06-25,24
513,James,Johnson,james.johnson513@example.com,Glasgow,UK,2020-11-25,46
514,Jennifer,Miller,jennifer.miller514@example.com,Cardiff,UK,2023-03-12,40
515,James,Davis,james.davis515@example.com,Leeds,UK,2019-03-05,23
516,Mary,Williams,mary.williams516@example.com,Leeds,UK,2021-11-27,47
517,Patricia,Rodriguez,patricia.rodriguez517@example.com,Liverpool,UK,2023-06-02,24
518,Linda,Davis,linda.davis518@example.com,Manchester,UK,2021-07-30,20
519,Barbara,Johnson,barbara.johnson519@example.com,Liverpool,UK,2018-04-03,61
520,John,Brown,john.brown520@example.com,Birmingham,UK,2023-10-15,39
521,William,Miller,william.miller521@example.com,Glasgow,UK,2023-03-08,58
522,John,Williams,john.williams522@example.com,Bristol,UK,2022-11-06,65
523,Elizabeth,Brown,elizabeth.brown523@example.com,Cardiff,UK,2023-01-16,42
524,James,Brown,james.brown524@example.com,Leeds,UK,2020-04-22,54
525,Mary,Rodriguez,mary.rodriguez525@example.com,Liverpool,UK,2020-02-05,30
526,Linda,Johnson,linda.johnson526@example.com,Sheffield,UK,2020-12-10,56
527,Michael,Martinez,michael.martinez527@example.com,Cardiff,UK,2022-05-27,40
528,Jennifer,Davis,jennifer.davis528@example.com,Leeds,UK,2019-12-08,61
529,John,Garcia,john.garcia529@example.com,Glasgow,UK,2019-04-28,25
530,John,Garcia,john.garcia530@example.com,Edinburgh,UK,2019-08-03,44
531,Elizabeth,Williams,elizabeth.williams531@example.com,Bristol,UK,2024-06-12,29
532,Linda,Hernandez,linda.hernandez532@example.com,Birmingham,UK,2024-01-11,49
533,Robert,Williams,robert.williams533@example.com,Liverpool,UK,2020-02-06,57
534,James,Garcia,james.garcia534@example.com,Sheffield,UK,2018-02-09,30
535,Michael,Rodriguez,michael.rodriguez535@example.com,Sheffield,UK,2023-09-02,61
536,Linda,Miller,linda.miller536@example.com,Sheffield,UK,2022-12-24,23
537,Elizabeth,Smith,elizabeth.smith537@example.com,Leeds,UK,2020-06-22,35
538,Patricia,Rodriguez,patricia.rodriguez538@example.com,Birmingham,UK,2021-03-28,54
539,Barbara,Davis,barbara.davis539@example.com,Edinburgh,UK,2024-03-01,54
540,Mary,Jones,mary.jones540@example.com,Liverpool,UK,2024-02-03,66
541,Barbara,Davis,barbara.davis541@example.com,Glasgow,UK,2024-02-16,24
542,Barbara,Hernandez,barbara.hernandez542@example.com,Leeds,UK,2020-10-10,46
543,Robert,Garcia,robert.garcia543@example.com,Sheffield,UK,2018-12-23,67
544,Patricia,Brown,patricia.brown544@example.com,Liverpool,UK,2024-08-05,28
545,Elizabeth,Williams,elizabeth.williams545@example.com,Glasgow,UK,2020-04-26,54
546,Jennifer,Rodriguez,jennifer.rodriguez546@example.com,Cardiff,UK,2021-02-25,38
547,Barbara,Jones,barbara.jones547@example.com,Cardiff,UK,2021-03-31,72
548,William,Hernandez,william.hernandez548@example.com,Birmingham,UK,2019-01-26,21
549,Robert,Hernandez,robert.hernandez549@example.com,Birmingham,UK,2019-06-04,27
550,Barbara,Garcia,barbara.garcia550@example.com,Bristol,UK,2020-10-10,27
551,Elizabeth,Hernandez,elizabeth.hernandez551@example.com,Bristol,UK,2021-01-05,46
552,Mary,Hernandez,mary.hernandez552@example.com,Bristol,UK,2019-01-17,62
553,Jennifer,Davis,jennifer.davis553@example.com,Liverpool,UK,2023-06-23,73
554,Barbara,Johnson,barbara.johnson554@example.com,Liverpool,UK,2023-02-21,68
555,William,Miller,william.miller555@example.com,Bristol,UK,2020-06-11,49
556,Robert,Garcia,robert.garcia556@example.com,Liverpool,UK,2021-03-07,54
557,Linda,Garcia,linda.garcia557@example.com,London,UK,2018-07-18,58
558,Linda,Smith,linda.smith558@example.com,Birmingham,UK,2019-05-24,47
559,James,Miller,james.miller559@example.com,Birmingham,UK,2020-04-08,28
560,Robert,Johnson,robert.johnson560@example.com,Leeds,UK,2022-01-16,41
561,David,Hernandez,david.hernandez561@example.com,London,UK,2019-11-09,58
562,Robert,Brown,robert.brown562@example.com,Manchester,UK,2022-10-25,18
563,Patricia,Davis,patricia.davis563@example.com,Birmingham,UK,2018-11-16,51
564,David,Davis,david.davis564@example.com,London,UK,2018-02-08,70
565,Mary,Miller,mary.miller565@example.com,Sheffield,UK,2019-06-26,32
566,Michael,Johnson,michael.johnson566@example.com,Manchester,UK,2019-02-24,41
567,Robert,Williams,robert.williams567@example.com,Birmingham,UK,2022-04-17,22
568,William,Martinez,william.martinez568@example.com,Cardiff,UK,2018-02-04,46
569,Jennifer,Brown,jennifer.brown569@example.com,Bristol,UK,2019-09-13,73
570,Patricia,Johnson,patricia.johnson570@example.com,Birmingham,UK,2019-02-16,55
571,Barbara,Miller,barbara.miller571@example.com,Bristol,UK,2021-12-10,68
572,John,Brown,john.brown572@example.com,Manchester,UK,2021-02-08,53
573,Elizabeth,Martinez,elizabeth.martinez573@example.com,Leeds,UK,2024-10-24,72
574,David,Jones,david.jones574@example.com,Edinburgh,UK,2020-04-21,65
575,Michael,Jones,michael.jones575@example.com,Glasgow,UK,2018-08-12,42
576,Mary,Brown,mary.brown576@example.com,Cardiff,UK,2023-08-09,51
577,James,Garcia,james.garcia577@example.com,Birmingham,UK,2021-07-20,73
578,Elizabeth,Miller,elizabeth.miller578@example.com,Edinburgh,UK,2022-02-05,66
579,Linda,Johnson,linda.johnson579@example.com,Cardiff,UK,2018-03-10,18
580,Robert,Brown,robert.brown580@example.com,London,UK,2018-06-13,50
581,Robert,Hernandez,robert.hernandez581@example.com,Bristol,UK,2023-08-15,62
582,Michael,Johnson,michael.johnson582@example.com,Edinburgh,UK,2024-01-07,35
583,Mary,Jones,mary.jones583@example.com,Edinburgh,UK,2018-11-20,69
584,John,Rodriguez,john.rodriguez584@example.com,Bristol,UK,2021-08-31,37
585,Barbara,Miller,barbara.miller585@example.com,London,UK,2020-09-04,23
586,Michael,Johnson,michael.johnson586@example.com,Cardiff,UK,2023-02-01,37
587,David,Hernandez,david.hernandez587@example.com,Manchester,UK,2019-12-21,63
588,John,Smith,john.smith588@example.com,Sheffield,UK,2019-11-03,51
589,William,Jones,william.jones589@example.com,Liverpool,UK,2019-11-15,65
590,Robert,Johnson,robert.johnson590@example.com,Liverpool,UK,2018-05-01,35
591,William,Johnson,william.johnson591@example.com,Cardiff,UK,2020-12-13,49
592,Linda,Rodriguez,linda.rodriguez592@example.com,London,UK,2022-01-15,72
593,Elizabeth,Williams,elizabeth.williams593@example.com,Birmingham,UK,2022-02-15,67
594,Mary,Martinez,mary.martinez594@example.com,Glasgow,UK,2019-04-18,20
595,James,Brown,james.brown595@example.com,Sheffield,UK,2018-07-08,42
596,John,Williams,john.williams596@example.com,Edinburgh,UK,2018-05-25,32
597,Jennifer,Brown,jennifer.brown597@example.com,Liverpool,UK,2022-09-01,70
598,Mary,Martinez,mary.martinez598@example.com,Manchester,UK,2022-03-08,29
599,Patricia,Rodriguez,patricia.rodriguez599@example.com,Bristol,UK,2018-07-08,74
600,Linda,Jones,linda.jones600@example.com,Liverpool,UK,2021-06-26,53
601,Linda,Smith,linda.smith601@example.com,Glasgow,UK,2022-02-20,54
602,Robert,Martinez,robert.martinez602@example.com,Sheffield,UK,2020-09-20,55
603,Linda,Brown,linda.brown603@example.com,Glasgow,UK,2024-02-17,18
604,Michael,Smith,michael.smith604@example.com,Edinburgh,UK,2020-08-12,58
605,Barbara,Smith,barbara.smith605@example.com,London,UK,2021-10-04,72
606,Barbara,Jones,barbara.jones606@example.com,Glasgow,UK,2019-03-02,44
607,Linda,Smith,linda.smith607@example.com,Leeds,UK,2019-08-07,20
608,Patricia,Rodriguez,patricia.rodriguez608@example.com,Liverpool,UK,2022-08-19,65
609,Mary,Martinez,mary.martinez609@example.com,Edinburgh,UK,2019-01-27,58
610,Michael,Johnson,michael.johnson610@example.com,Cardiff,UK,2024-08-21,45
611,David,Williams,david.williams611@example.com,Leeds,UK,2020-08-27,72
612,Jennifer,Miller,jennifer.miller612@example.com,Liverpool,UK,2021-08-29,35
613,Patricia,Johnson,patricia.johnson613@example.com,Birmingham,UK,2020-04-10,27
614,Mary,Williams,mary.williams614@example.com,Sheffield,UK,2023-01-16,44
615,Mary,Rodriguez,mary.rodriguez615@example.com,Glasgow,UK,2022-01-07,37
616,Linda,Jones,linda.jones616@example.com,Manchester,UK,2019-05-07,69
617,David,Jones,david.jones617@example.com,London,UK,2024-10-07,71
618,Jennifer,Williams,jennifer.williams618@example.com,Glasgow,UK,2019-01-09,43
619,William,Smith,william.smith619@example.com,Leeds,UK,2021-05-09,19
620,Michael,Davis,michael.davis620@example.com,Edinburgh,UK,2024-03-27,24
621,Linda,Johnson,linda.johnson621@example.com,Manchester,UK,2019-07-27,21
622,Patricia,Williams,patricia.williams622@example.com,Bristol,UK,2020-03-22,61
623,David,Hernandez,david.hernandez623@example.com,Cardiff,UK,2018-12-11,70
624,Mary,Smith,mary.smith624@example.com,Glasgow,UK,2018-09-22,69
625,John,Johnson,john.johnson625@example.com,Manchester,UK,2021-09-20,47
626,James,Williams,james.williams626@example.com,Bristol,UK,2024-06-08,49
627,James,Miller,james.miller627@example.com,Birmingham,UK,2022-10-14,31
628,John,Jones,john.jones628@example.com,Sheffield,UK,2021-02-20,20
629,Elizabeth,Martinez,elizabeth.martinez629@example.com,Leeds,UK,2020-10-03,44
630,William,Davis,william.davis630@example.com,Manchester,UK,2018-09-07,42
631,John,Miller,john.miller631@example.com,Edinburgh,UK,2020-03-27,58
632,William,Smith,william.smith632@example.com,Liverpool,UK,2022-04-16,52
633,Linda,Garcia,linda.garcia633@example.com,Edinburgh,UK,2024-05-05,42
634,Robert,Williams,robert.williams634@example.com,Liverpool,UK,2018-04-17,19
635,Robert,Smith,robert.smith635@example.com,Edinburgh,UK,2023-04-17,67
636,Elizabeth,Brown,elizabeth.brown636@example.com,Manchester,UK,2019-10-16,60
637,Patricia,Jones,patricia.jones637@example.com,London,UK,2023-12-26,54
638,Michael,Garcia,michael.garcia638@example.com,Birmingham,UK,2019-12-13,55
639,Jennifer,Garcia,jennifer.garcia639@example.com,London,UK,2024-08-20,54
640,Elizabeth,Williams,elizabeth.williams640@example.com,Glasgow,UK,2024-04-25,52
641,Robert,Williams,robert.williams641@example.com,London,UK,2023-07-02,21
642,Patricia,Martinez,patricia.martinez642@example.com,London,UK,2020-06-15,18
643,Jennifer,Martinez,jennifer.martinez643@example.com,Birmingham,UK,2020-04-05,63
644,John,Garcia,john.garcia644@example.com,London,UK,2018-09-01,55
645,Barbara,Williams,barbara.williams645@example.com,Edinburgh,UK,2019-03-31,22
646,Jennifer,Hernandez,jennifer.hernandez646@example.com,Cardiff,UK,2022-06-09,39
647,Robert,Garcia,robert.garcia647@example.com,Birmingham,UK,2019-07-13,68
648,David,Davis,david.davis648@example.com,Birmingham,UK,2021-07-23,32
649,David,Martinez,david.martinez649@example.com,Bristol,UK,2019-12-20,64
650,Barbara,Jones,barbara.jones650@example.com,Birmingham,UK,2019-06-06,62
651,Elizabeth,Miller,elizabeth.miller651@example.com,London,UK,2024-05-13,56
652,Jennifer,Martinez,jennifer.martinez652@example.com,Cardiff,UK,2020-06-23,49
653,John,Garcia,john.garcia653@example.com,Glasgow,UK,2018-11-15,38
654,John,Hernandez,john.hernandez654@example.com,Liverpool,UK,2018-12-30,18
655,Robert,Brown,robert.brown655@example.com,Manchester,UK,2020-10-19,34
656,Mary,Smith,mary.smith656@example.com,Bristol,UK,2018-07-17,64
657,Michael,Williams,michael.williams657@example.com,Sheffield,UK,2022-08-23,40
658,William,Miller,william.miller658@example.com,Sheffield,UK,2019-02-20,28
659,Linda,Johnson,linda.johnson659@example.com,Leeds,UK,2018-05-17,38
660,Robert,Johnson,robert.johnson660@example.com,Liverpool,UK,2018-10-31,74
661,Michael,Williams,michael.williams661@example.com,Edinburgh,UK,2018-11-04,39
662,Elizabeth,Martinez,elizabeth.martinez662@example.com,London,UK,2023-06-01,59
663,John,Martinez,john.martinez663@example.com,Birmingham,UK,2022-11-14,24
664,Jennifer,Brown,jennifer.brown664@example.com,Bristol,UK,2020-02-18,60
665,Robert,Jones,robert.jones665@example.com,Manchester,UK,2020-08-30,43
666,Elizabeth,Rodriguez,elizabeth.rodriguez666@example.com,Birmingham,UK,2023-07-04,41
667,James,Miller,james.miller667@example.com,Leeds,UK,2018-12-25,30
668,Mary,Smith,mary.smith668@example.com,Birmingham,UK,2020-04-27,23
669,Linda,Johnson,linda.johnson669@example.com,Bristol,UK,2021-06-17,49
670,David,Jones,david.jones670@example.com,Edinburgh,UK,2019-01-09,29
671,Jennifer,Miller,jennifer.miller671@example.com,Birmingham,UK,2022-02-22,20
672,Robert,Davis,robert.davis672@example.com,Leeds,UK,2023-03-20,71
673,Robert,Martinez,robert.martinez673@example.com,Birmingham,UK,2018-09-10,23
674,David,Garcia,david.garcia674@example.com,Bristol,UK,2024-01-27,53
675,James,Miller,james.miller675@example.com,Bristol,UK,2023-11-11,54
676,Patricia,Davis,patricia.davis676@example.com,Manchester,UK,2021-05-09,75
677,Barbara,Smith,barbara.smith677@example.com,Cardiff,UK,2023-08-19,25
678,Linda,Williams,linda.williams678@example.com,Glasgow,UK,2019-11-16,26
679,James,Miller,james.miller679@example.com,Bristol,UK,2018-11-17,70
680,David,Williams,david.williams680@example.com,Leeds,UK,2024-09-03,64
681,Mary,Johnson,mary.johnson681@example.com,Edinburgh,UK,2022-05-09,53
682,Jennifer,Jones,jennifer.jones682@example.com,Sheffield,UK,2023-10-30,68
683,Barbara,Martinez,barbara.martinez683@example.com,Edinburgh,UK,2024-08-03,25
684,Michael,Williams,michael.williams684@example.com,Cardiff,UK,2019-08-31,24
685,Elizabeth,Johnson,elizabeth.johnson685@example.com,Edinburgh,UK,2021-03-17,74
686,Michael,Jones,michael.jones686@example.com,Sheffield,UK,2022-04-18,20
687,John,Jones,john.jones687@example.com,Birmingham,UK,2022-07-09,20
688,Michael,Garcia,michael.garcia688@example.com,London,UK,2020-08-31,35
689,Jennifer,Smith,jennifer.smith689@example.com,Leeds,UK,2021-10-15,35
690,Linda,Hernandez,linda.hernandez690@example.com,Glasgow,UK,2019-02-07,37
691,Barbara,Davis,barbara.davis691@example.com,Leeds,UK,2021-08-07,56
692,David,Johnson,david.johnson692@example.com,Sheffield,UK,2020-02-09,70
693,Michael,Davis,michael.davis693@example.com,Liverpool,UK,2023-10-17,50
694,John,Johnson,john.johnson694@example.com,Edinburgh,UK,2021-06-28,26
695,William,Martinez,william.martinez695@example.com,Birmingham,UK,2018-04-29,74
696,Patricia,Smith,patricia.smith696@example.com,London,UK,2020-10-18,21
697,Jennifer,Brown,jennifer.brown697@example.com,Liverpool,UK,2021-01-27,50
698,Michael,Hernandez,michael.hernandez698@example.com,London,UK,2019-05-23,41
699,Linda,Martinez,linda.martinez699@example.com,Birmingham,UK,2023-01-02,55
700,William,Garcia,william.garcia700@example.com,Birmingham,UK,2021-11-11,65
701,Barbara,Johnson,barbara.johnson701@example.com,London,UK,2021-03-13,21
702,John,Martinez,john.martinez702@example.com,Glasgow,UK,2020-05-27,61
703,Patricia,Jones,patricia.jones703@example.com,Edinburgh,UK,2022-08-05,73
704,David,Smith,david.smith704@example.com,Birmingham,UK,2023-04-26,56
705,James,Brown,james.brown705@example.com,Cardiff,UK,2020-10-30,63
706,Barbara,Hernandez,barbara.hernandez706@example.com,Bristol,UK,2021-02-01,72
707,Jennifer,Davis,jennifer.davis707@example.com,Glasgow,UK,2020-10-29,37
708,David,Rodriguez,david.rodriguez708@example.com,Cardiff,UK,2022-06-15,18
709,William,Hernandez,william.hernandez709@example.com,Edinburgh,UK,2022-03-13,37
710,David,Johnson,david.johnson710@example.com,Manchester,UK,2023-05-28,35
711,David,Garcia,david.garcia711@example.com,Leeds,UK,2021-02-08,30
712,John,Rodriguez,john.rodriguez712@example.com,London,UK,2020-09-11,60
713,Jennifer,Hernandez,jennifer.hernandez713@example.com,London,UK,2019-07-28,36
714,Robert,Miller,robert.miller714@example.com,Bristol,UK,2022-07-16,55
715,Barbara,Martinez,barbara.martinez715@example.com,Liverpool,UK,2020-02-17,61
716,William,Hernandez,william.hernandez716@example.com,Liverpool,UK,2023-05-03,72
717,John,Hernandez,john.hernandez717@example.com,Birmingham,UK,2024-04-05,24
718,Linda,Williams,linda.williams718@example.com,Edinburgh,UK,2020-11-25,61
719,Jennifer,Hernandez,jennifer.hernandez719@example.com,Glasgow,UK,2019-01-01,32
720,Barbara,Jones,barbara.jones720@example.com,Liverpool,UK,2022-09-19,34
721,Elizabeth,Jones,elizabeth.jones721@example.com,Manchester,UK,2023-03-15,21
722,David,Martinez,david.martinez722@example.com,Cardiff,UK,2024-07-04,48
723,Patricia,Rodriguez,patricia.rodriguez723@example.com,Bristol,UK,2019-05-06,44
724,James,Williams,james.williams724@example.com,Glasgow,UK,2019-07-17,44
725,Elizabeth,Davis,elizabeth.davis725@example.com,Liverpool,UK,2019-08-10,67
726,Mary,Davis,mary.davis726@example.com,Birmingham,UK,2021-09-24,58
727,James,Smith,james.smith727@example.com,Leeds,UK,2023-01-26,66
728,John,Martinez,john.martinez728@example.com,Sheffield,UK,2019-10-11,26
729,Elizabeth,Miller,elizabeth.miller729@example.com,Bristol,UK,2022-10-25,48
730,Michael,Smith,michael.smith730@example.com,Edinburgh,UK,2018-06-04,64
731,Jennifer,Smith,jennifer.smith731@example.com,Edinburgh,UK,2021-08-12,19
732,David,Smith,david.smith732@example.com,Glasgow,UK,2020-10-16,37
733,John,Johnson,john.johnson733@example.com,Edinburgh,UK,2022-04-21,28
734,Mary,Smith,mary.smith734@example.com,Leeds,UK,2021-05-06,64
735,William,Martinez,william.martinez735@example.com,Liverpool,UK,2023-11-17,74
736,David,Williams,david.williams736@example.com,Sheffield,UK,2021-11-04,66
737,Patricia,Williams,patricia.williams737@example.com,London,UK,2022-07-11,32
738,Barbara,Williams,barbara.williams738@example.com,London,UK,2020-05-15,25
739,Jennifer,Hernandez,jennifer.hernandez739@example.com,Bristol,UK,2018-06-03,67
740,William,Martinez,william.martinez740@example.com,Cardiff,UK,2018-07-19,60
741,Mary,Hernandez,mary.hernandez741@example.com,London,UK,2018-03-22,44
742,Linda,Miller,linda.miller742@example.com,Edinburgh,UK,2019-05-22,48
743,Barbara,Williams,barbara.williams743@example.com,London,UK,2020-04-21,44
744,David,Johnson,david.johnson744@example.com,Leeds,UK,2023-11-02,44
745,Mary,Rodriguez,mary.rodriguez745@example.com,Leeds,UK,2019-04-28,68
746,Mary,Davis,mary.davis746@example.com,Cardiff,UK,2020-03-24,67
747,Robert,Rodriguez,robert.rodriguez747@example.com,Liverpool,UK,2020-04-06,36
748,John,Smith,john.smith748@example.com,Sheffield,UK,2024-02-24,62
749,Linda,Garcia,linda.garcia749@example.com,London,UK,2020-08-18,60
750,Mary,Johnson,mary.johnson750@example.com,Sheffield,UK,2024-06-09,23
751,William,Johnson,william.johnson751@example.com,Leeds,UK,2019-02-19,47
752,Robert,Jones,robert.jones752@example.com,London,UK,2023-03-17,70
753,John,Smith,john.smith753@example.com,Liverpool,UK,2021-04-05,45
754,Barbara,Johnson,barbara.johnson754@example.com,London,UK,2019-01-25,72
755,John,Hernandez,john.hernandez755@example.com,Liverpool,UK,2019-11-30,75
756,Linda,Martinez,linda.martinez756@example.com,Manchester,UK,2021-01-03,70
757,Jennifer,Williams,jennifer.williams757@example.com,Bristol,UK,2019-04-12,47
758,Robert,Miller,robert.miller758@example.com,Bristol,UK,2023-05-13,25
759,John,Smith,john.smith759@example.com,Manchester,UK,2019-10-15,55
760,Linda,Martinez,linda.martinez760@example.com,Birmingham,UK,2022-11-30,67
761,Jennifer,Martinez,jennifer.martinez761@example.com,Birmingham,UK,2018-04-29,49
762,Mary,Miller,mary.miller762@example.com,London,UK,2022-12-11,34
763,David,Garcia,david.garcia763@example.com,Edinburgh,UK,2018-02-20,60
764,Jennifer,Rodriguez,jennifer.rodriguez764@example.com,Cardiff,UK,2023-11-13,45
765,David,Brown,david.brown765@example.com,Liverpool,UK,2023-05-28,27
766,William,Martinez,william.martinez766@example.com,London,UK,2018-08-12,50
767,Linda,Davis,linda.davis767@example.com,Manchester,UK,2019-11-09,38
768,Patricia,Garcia,patricia.garcia768@example.com,London,UK,2021-02-13,53
769,David,Miller,david.miller769@example.com,Glasgow,UK,2022-07-10,47
770,Linda,Martinez,linda.martinez770@example.com,Manchester,UK,2023-01-10,46
771,Jennifer,Johnson,jennifer.johnson771@example.com,London,UK,2023-07-31,43
772,Michael,Smith,michael.smith772@example.com,Edinburgh,UK,2024-04-01,70
773,Mary,Martinez,mary.martinez773@example.com,Edinburgh,UK,2021-06-01,59
774,David,Davis,david.davis774@example.com,Liverpool,UK,2021-10-28,70
775,Patricia,Davis,patricia.davis775@example.com,Edinburgh,UK,2021-09-21,63
776,David,Garcia,david.garcia776@example.com,Manchester,UK,2023-01-28,66
777,David,Brown,david.brown777@example.com,Liverpool,UK,2018-01-09,71
778,David,Jones,david.jones778@example.com,Edinburgh,UK,2024-02-22,62
779,Mary,Smith,mary.smith779@example.com,Sheffield,UK,2019-11-04,70
780,Barbara,Miller,barbara.miller780@example.com,Leeds,UK,2019-03-15,30
781,Mary,Miller,mary.miller781@example.com,Sheffield,UK,2020-06-02,63
782,Jennifer,Johnson,jennifer.johnson782@example.com,London,UK,2022-08-25,67
783,Linda,Davis,linda.davis783@example.com,Edinburgh,UK,2024-08-10,49
784,James,Rodriguez,james.rodriguez784@example.com,Edinburgh,UK,2018-07-18,71
785,Elizabeth,Davis,elizabeth.davis785@example.com,Birmingham,UK,2023-09-14,64
786,John,Johnson,john.johnson786@example.com,Cardiff,UK,2022-05-06,50
787,Michael,Miller,michael.miller787@example.com,Glasgow,UK,2024-10-30,43
788,Jennifer,Jones,jennifer.jones788@example.com,Birmingham,UK,2023-01-29,44
789,Elizabeth,Rodriguez,elizabeth.rodriguez789@example.com,Edinburgh,UK,2021-05-09,63
790,Barbara,Rodriguez,barbara.rodriguez790@example.com,Glasgow,UK,2020-06-09,57
791,Barbara,Jones,barbara.jones791@example.com,Birmingham,UK,2021-11-15,50
792,William,Hernandez,william.hernandez792@example.com,Manchester,UK,2021-08-13,53
793,Linda,Martinez,linda.martinez793@example.com,Bristol,UK,2024-05-26,74
794,Michael,Smith,michael.smith794@example.com,Manchester,UK,2023-11-12,42
795,John,Smith,john.smith795@example.com,Glasgow,UK,2018-08-20,66
796,John,Jones,john.jones796@example.com,Birmingham,UK,2020-10-23,62
797,Robert,Brown,robert.brown797@example.com,London,UK,2024-01-26,70
798,Linda,Johnson,linda.johnson798@example.com,Glasgow,UK,2024-04-20,33
799,William,Jones,william.jones799@example.com,Bristol,UK,2018-07-12,44
800,David,Garcia,david.garcia800@example.com,London,UK,2024-03-11,65
801,Robert,Brown,robert.brown801@example.com,Glasgow,UK,2022-12-20,66
802,Elizabeth,Rodriguez,elizabeth.rodriguez802@example.com,Glasgow,UK,2024-10-07,36
803,Linda,Williams,linda.williams803@example.com,Birmingham,UK,2018-11-02,65
804,William,Johnson,william.johnson804@example.com,London,UK,2022-03-26,35
805,William,Jones,william.jones805@example.com,Birmingham,UK,2019-06-17,18
806,Jennifer,Davis,jennifer.davis806@example.com,London,UK,2019-09-27,38
807,Elizabeth,Smith,elizabeth.smith807@example.com,Sheffield,UK,2021-05-18,22
808,Barbara,Garcia,barbara.garcia808@example.com,Glasgow,UK,2023-11-23,51
809,Mary,Rodriguez,mary.rodriguez809@example.com,Bristol,UK,2019-10-15,23
810,Jennifer,Brown,jennifer.brown810@example.com,Liverpool,UK,2020-05-23,41
811,Robert,Brown,robert.brown811@example.com,Sheffield,UK,2023-12-13,25
812,David,Garcia,david.garcia812@example.com,Glasgow,UK,2022-12-31,20
813,David,Garcia,david.garcia813@example.com,Manchester,UK,2022-04-12,34
814,William,Jones,william.jones814@example.com,Edinburgh,UK,2018-04-12,50
815,William,Davis,william.davis815@example.com,London,UK,2023-06-17,75
816,David,Brown,david.brown816@example.com,Edinburgh,UK,2021-08-05,24
817,John,Rodriguez,john.rodriguez817@example.com,London,UK,2023-12-25,31
818,David,Hernandez,david.hernandez818@example.com,Bristol,UK,2020-05-23,31
819,William,Miller,william.miller819@example.com,Birmingham,UK,2018-10-23,47
820,Barbara,Garcia,barbara.garcia820@example.com,Manchester,UK,2018-06-05,21
821,John,Jones,john.jones821@example.com,Manchester,UK,2024-04-04,34
822,Michael,Miller,michael.miller822@example.com,Bristol,UK,2023-01-22,38
823,James,Miller,james.miller823@example.com,Edinburgh,UK,2019-04-30,59
824,Barbara,Martinez,barbara.martinez824@example.com,Cardiff,UK,2018-09-17,62
825,Mary,Garcia,mary.garcia825@example.com,Manchester,UK,2023-08-22,68
826,David,Jones,david.jones826@example.com,Manchester,UK,2024-10-20,66
827,Linda,Miller,linda.miller827@example.com,London,UK,2022-06-07,28
828,William,Brown,william.brown828@example.com,Bristol,UK,2019-07-13,58
829,John,Jones,john.jones829@example.com,London,UK,2022-03-09,25
830,James,Smith,james.smith830@example.com,Cardiff,UK,2024-06-03,52
831,William,Johnson,william.johnson831@example.com,Glasgow,UK,2021-06-02,31
832,Michael,Hernandez,michael.hernandez832@example.com,Birmingham,UK,2023-10-01,29
833,Patricia,Martinez,patricia.martinez833@example.com,Glasgow,UK,2020-11-01,29
834,David,Martinez,david.martinez834@example.com,Edinburgh,UK,2018-08-11,59
835,William,Johnson,william.johnson835@example.com,Manchester,UK,2021-04-05,24
836,Patricia,Martinez,patricia.martinez836@example.com,Liverpool,UK,2023-06-19,26
837,David,Hernandez,david.hernandez837@example.com,Manchester,UK,2020-08-18,57
838,Mary,Brown,mary.brown838@example.com,Sheffield,UK,2021-07-25,39
839,Elizabeth,Hernandez,elizabeth.hernandez839@example.com,Cardiff,UK,2021-06-06,54
840,Elizabeth,Garcia,elizabeth.garcia840@example.com,Bristol,UK,2021-07-19,18
841,Jennifer,Brown,jennifer.brown841@example.com,Bristol,UK,2020-06-26,71
842,Jennifer,Williams,jennifer.williams842@example.com,Sheffield,UK,2021-09-20,46
843,Jennifer,Jones,jennifer.jones843@example.com,Edinburgh,UK,2023-06-18,29
844,David,Martinez,david.martinez844@example.com,Leeds,UK,2018-12-02,75
845,William,Brown,william.brown845@example.com,Manchester,UK,2020-12-14,75
846,James,Rodriguez,james.rodriguez846@example.com,Cardiff,UK,2018-05-08,67
847,Elizabeth,Brown,elizabeth.brown847@example.com,Edinburgh,UK,2018-05-31,52
848,William,Davis,william.davis848@example.com,Liverpool,UK,2019-09-01,32
849,Elizabeth,Jones,elizabeth.jones849@example.com,Sheffield,UK,2019-07-03,43
850,Jennifer,Rodriguez,jennifer.rodriguez850@example.com,Glasgow,UK,2018-02-13,66
851,William,Williams,william.williams851@example.com,Birmingham,UK,2023-01-02,54
852,Elizabeth,Hernandez,elizabeth.hernandez852@example.com,Sheffield,UK,2019-08-22,20
853,Patricia,Davis,patricia.davis853@example.com,Manchester,UK,2020-08-07,41
854,Patricia,Smith,patricia.smith854@example.com,Edinburgh,UK,2020-04-26,42
855,Linda,Davis,linda.davis855@example.com,London,UK,2018-07-10,24
856,Barbara,Rodriguez,barbara.rodriguez856@example.com,Leeds,UK,2021-01-25,42
857,David,Miller,david.miller857@example.com,Cardiff,UK,2022-02-05,51
858,Robert,Miller,robert.miller858@example.com,Edinburgh,UK,2020-07-01,40
859,Jennifer,Davis,jennifer.davis859@example.com,Cardiff,UK,2023-05-29,50
860,John,Davis,john.davis860@example.com,Glasgow,UK,2019-11-10,50
861,David,Jones,david.jones861@example.com,Birmingham,UK,2020-05-16,28
862,Jennifer,Martinez,jennifer.martinez862@example.com,Glasgow,UK,2019-04-30,69
863,Jennifer,Johnson,jennifer.johnson863@example.com,Sheffield,UK,2023-05-27,31
864,Elizabeth,Williams,elizabeth.williams864@example.com,London,UK,2022-08-11,20
865,John,Martinez,john.martinez865@example.com,Birmingham,UK,2024-08-23,58
866,William,Smith,william.smith866@example.com,Birmingham,UK,2024-06-02,28
867,Robert,Williams,robert.williams867@example.com,Bristol,UK,2023-10-18,74
868,Barbara,Hernandez,barbara.hernandez868@example.com,Manchester,UK,2021-03-07,46
869,Elizabeth,Davis,elizabeth.davis869@example.com,Birmingham,UK,2023-05-27,71
870,Michael,Martinez,michael.martinez870@example.com,Cardiff,UK,2019-08-08,57
871,David,Rodriguez,david.rodriguez871@example.com,Birmingham,UK,2020-12-19,47
872,Elizabeth,Martinez,elizabeth.martinez872@example.com,Glasgow,UK,2018-10-09,42
873,John,Johnson,john.johnson873@example.com,Glasgow,UK,2018-03-09,70
874,John,Martinez,john.martinez874@example.com,Birmingham,UK,2019-01-30,75
875,Elizabeth,Martinez,elizabeth.martinez875@example.com,Edinburgh,UK,2018-06-09,23
876,Linda,Hernandez,linda.hernandez876@example.com,Cardiff,UK,2019-06-18,75
877,David,Hernandez,david.hernandez877@example.com,Edinburgh,UK,2022-11-03,41
878,James,Rodriguez,james.rodriguez878@example.com,Glasgow,UK,2022-10-24,68
879,Michael,Garcia,michael.garcia879@example.com,Cardiff,UK,2024-08-09,45
880,John,Jones,john.jones880@example.com,Glasgow,UK,2023-05-09,36
881,Elizabeth,Rodriguez,elizabeth.rodriguez881@example.com,Leeds,UK,2022-08-01,18
882,Barbara,Smith,barbara.smith882@example.com,Edinburgh,UK,2024-06-25,51
883,James,Miller,james.miller883@example.com,Liverpool,UK,2020-04-21,41
884,Mary,Williams,mary.williams884@example.com,Cardiff,UK,2022-10-12,34
885,William,Miller,william.miller885@example.com,Liverpool,UK,2024-05-01,61
886,Michael,Brown,michael.brown886@example.com,Edinburgh,UK,2022-08-20,29
887,Jennifer,Rodriguez,jennifer.rodriguez887@example.com,Sheffield,UK,2024-03-22,37
888,Elizabeth,Garcia,elizabeth.garcia888@example.com,Birmingham,UK,2022-06-19,65
889,Patricia,Davis,patricia.davis889@example.com,Manchester,UK,2019-10-25,50
890,Michael,Garcia,michael.garcia890@example.com,Cardiff,UK,2024-03-05,28
891,Michael,Hernandez,michael.hernandez891@example.com,Manchester,UK,2018-01-22,48
892,Elizabeth,Miller,elizabeth.miller892@example.com,Manchester,UK,2018-12-28,32
893,Jennifer,Johnson,jennifer.johnson893@example.com,London,UK,2024-10-30,43
894,Elizabeth,Hernandez,elizabeth.hernandez894@example.com,Leeds,UK,2023-11-05,67
895,John,Hernandez,john.hernandez895@example.com,Sheffield,UK,2023-07-18,30
896,David,Rodriguez,david.rodriguez896@example.com,Glasgow,UK,2021-03-17,68
897,Elizabeth,Rodriguez,elizabeth.rodriguez897@example.com,Glasgow,UK,2023-10-14,61
898,James,Garcia,james.garcia898@example.com,London,UK,2020-09-06,23
899,Robert,Miller,robert.miller899@example.com,Bristol,UK,2021-12-17,55
900,Patricia,Rodriguez,patricia.rodriguez900@example.com,Manchester,UK,2018-03-04,53
901,Robert,Rodriguez,robert.rodriguez901@example.com,Liverpool,UK,2024-07-15,70
902,Robert,Brown,robert.brown902@example.com,Glasgow,UK,2024-10-19,43
903,Elizabeth,Smith,elizabeth.smith903@example.com,Birmingham,UK,2020-12-05,50
904,Mary,Rodriguez,mary.rodriguez904@example.com,Edinburgh,UK,2018-10-24,39
905,Mary,Rodriguez,mary.rodriguez905@example.com,Edinburgh,UK,2020-11-21,62
906,Linda,Miller,linda.miller906@example.com,Sheffield,UK,2024-04-25,66
907,Jennifer,Davis,jennifer.davis907@example.com,Cardiff,UK,2023-03-03,48
908,Mary,Jones,mary.jones908@example.com,Bristol,UK,2018-10-04,61
909,Barbara,Brown,barbara.brown909@example.com,Bristol,UK,2021-07-17,51
910,William,Smith,william.smith910@example.com,Glasgow,UK,2020-12-14,23
911,Michael,Hernandez,michael.hernandez911@example.com,Manchester,UK,2021-11-01,48
912,Jennifer,Garcia,jennifer.garcia912@example.com,Cardiff,UK,2020-06-14,29
913,Barbara,Hernandez,barbara.hernandez913@example.com,Sheffield,UK,2020-02-18,33
914,Barbara,Brown,barbara.brown914@example.com,Glasgow,UK,2020-12-23,30
915,Patricia,Martinez,patricia.martinez915@example.com,Birmingham,UK,2021-12-29,25
916,Mary,Hernandez,mary.hernandez916@example.com,Cardiff,UK,2023-07-11,66
917,William,Smith,william.smith917@example.com,Liverpool,UK,2023-05-30,49
918,Elizabeth,Jones,elizabeth.jones918@example.com,Birmingham,UK,2023-07-04,43
919,Patricia,Martinez,patricia.martinez919@example.com,London,UK,2019-06-10,48
920,William,Smith,william.smith920@example.com,Liverpool,UK,2023-08-21,73
921,David,Williams,david.williams921@example.com,Manchester,UK,2023-02-16,38
922,Barbara,Smith,barbara.smith922@example.com,Glasgow,UK,2018-02-18,55
923,Mary,Garcia,mary.garcia923@example.com,Cardiff,UK,2022-01-21,29
924,William,Jones,william.jones924@example.com,Leeds,UK,2020-08-29,57
925,Jennifer,Garcia,jennifer.garcia925@example.com,Sheffield,UK,2020-01-24,31
926,Michael,Garcia,michael.garcia926@example.com,Bristol,UK,2022-02-04,46
927,John,Martinez,john.martinez927@example.com,Cardiff,UK,2019-06-22,70
928,Mary,Jones,mary.jones928@example.com,Edinburgh,UK,2020-08-23,72
929,Michael,Brown,michael.brown929@example.com,Birmingham,UK,2019-08-21,69
930,James,Williams,james.williams930@example.com,Sheffield,UK,2022-09-23,75
931,David,Rodriguez,david.rodriguez931@example.com,Liverpool,UK,2023-12-28,37
932,Robert,Rodriguez,robert.rodriguez932@example.com,London,UK,2024-05-14,24
933,Barbara,Williams,barbara.williams933@example.com,Glasgow,UK,2018-09-03,48
934,David,Johnson,david.johnson934@example.com,Liverpool,UK,2023-01-17,41
935,Jennifer,Rodriguez,jennifer.rodriguez935@example.com,Leeds,UK,2024-04-02,19
936,Michael,Johnson,michael.johnson936@example.com,Cardiff,UK,2021-12-09,54
937,Elizabeth,Hernandez,elizabeth.hernandez937@example.com,Birmingham,UK,2024-01-15,40
938,Jennifer,Hernandez,jennifer.hernandez938@example.com,Sheffield,UK,2023-09-22,74
939,Mary,Miller,mary.miller939@example.com,Sheffield,UK,2021-03-19,73
940,John,Hernandez,john.hernandez940@example.com,Bristol,UK,2021-10-13,72
941,Mary,Johnson,mary.johnson941@example.com,Liverpool,UK,2019-10-26,38
942,Jennifer,Hernandez,jennifer.hernandez942@example.com,Leeds,UK,2021-04-08,35
943,Linda,Garcia,linda.garcia943@example.com,Edinburgh,UK,2024-08-01,44
944,John,Williams,john.williams944@example.com,Birmingham,UK,2018-04-05,60
945,Robert,Johnson,robert.johnson945@example.com,Birmingham,UK,2020-05-12,24
946,Mary,Johnson,mary.johnson946@example.com,Edinburgh,UK,2023-04-23,19
947,Michael,Rodriguez,michael.rodriguez947@example.com,Manchester,UK,2018-12-07,57
948,John,Johnson,john.johnson948@example.com,Leeds,UK,2022-05-16,33
949,Barbara,Jones,barbara.jones949@example.com,Birmingham,UK,2022-12-21,51
950,John,Smith,john.smith950@example.com,Liverpool,UK,2018-05-24,73
951,Linda,Davis,linda.davis951@example.com,Leeds,UK,2024-01-24,26
952,Barbara,Rodriguez,barbara.rodriguez952@example.com,Cardiff,UK,2019-12-27,58
953,Barbara,Hernandez,barbara.hernandez953@example.com,Bristol,UK,2024-04-29,40
954,Linda,Rodriguez,linda.rodriguez954@example.com,Manchester,UK,2020-07-19,37
955,Jennifer,Miller,jennifer.miller955@example.com,Birmingham,UK,2020-11-30,18
956,James,Rodriguez,james.rodriguez956@example.com,Liverpool,UK,2019-07-13,48
957,William,Smith,william.smith957@example.com,Sheffield,UK,2023-07-08,18
958,Michael,Jones,michael.jones958@example.com,Glasgow,UK,2024-09-11,53
959,Jennifer,Brown,jennifer.brown959@example.com,Edinburgh,UK,2022-08-14,43
960,Patricia,Williams,patricia.williams960@example.com,Bristol,UK,2022-05-16,34
961,Mary,Miller,mary.miller961@example.com,Edinburgh,UK,2020-09-08,36
962,David,Rodriguez,david.rodriguez962@example.com,Bristol,UK,2021-01-06,72
963,Mary,Williams,mary.williams963@example.com,Leeds,UK,2019-07-14,58
964,Linda,Martinez,linda.martinez964@example.com,Leeds,UK,2023-01-29,30
965,Jennifer,Smith,jennifer.smith965@example.com,London,UK,2019-09-16,29
966,Mary,Jones,mary.jones966@example.com,Birmingham,UK,2021-01-07,64
967,James,Brown,james.brown967@example.com,Birmingham,UK,2019-01-05,49
968,Patricia,Garcia,patricia.garcia968@example.com,Leeds,UK,2022-09-18,41
969,Linda,Smith,linda.smith969@example.com,Manchester,UK,2021-09-14,21
970,Robert,Miller,robert.miller970@example.com,Edinburgh,UK,2018-10-20,29
971,Patricia,Jones,patricia.jones971@example.com,London,UK,2022-04-12,67
972,Barbara,Brown,barbara.brown972@example.com,Sheffield,UK,2022-04-26,65
973,James,Brown,james.brown973@example.com,Manchester,UK,2023-03-03,48
974,Michael,Hernandez,michael.hernandez974@example.com,Liverpool,UK,2021-07-02,58
975,Barbara,Smith,barbara.smith975@example.com,Edinburgh,UK,2024-03-01,34
976,Linda,Hernandez,linda.hernandez976@example.com,Glasgow,UK,2021-05-08,74
977,James,Hernandez,james.hernandez977@example.com,Manchester,UK,2020-06-11,58
978,Michael,Garcia,michael.garcia978@example.com,Birmingham,UK,2018-03-03,55
979,Mary,Miller,mary.miller979@example.com,London,UK,2020-09-22,55
980,Barbara,Davis,barbara.davis980@example.com,Birmingham,UK,2024-09-08,67
981,Mary,Brown,mary.brown981@example.com,Sheffield,UK,2019-10-08,61
982,Elizabeth,Garcia,elizabeth.garcia982@example.com,London,UK,2018-09-03,59
983,John,Rodriguez,john.rodriguez983@example.com,Birmingham,UK,2019-03-16,32
984,Jennifer,Rodriguez,jennifer.rodriguez984@example.com,Sheffield,UK,2021-11-23,19
985,Barbara,Miller,barbara.miller985@example.com,Birmingham,UK,2022-01-07,75
986,James,Davis,james.davis986@example.com,Edinburgh,UK,2022-11-28,52
987,Barbara,Davis,barbara.davis987@example.com,Cardiff,UK,2020-02-17,52
988,Jennifer,Garcia,jennifer.garcia988@example.com,Leeds,UK,2023-04-03,22
989,William,Williams,william.williams989@example.com,Leeds,UK,2023-01-15,52
990,Jennifer,Davis,jennifer.davis990@example.com,Edinburgh,UK,2018-01-03,64
991,John,Smith,john.smith991@example.com,Cardiff,UK,2022-01-31,38
992,Barbara,Johnson,barbara.johnson992@example.com,Bristol,UK,2024-01-17,51
993,David,Davis,david.davis993@example.com,Birmingham,UK,2024-03-08,38
994,Michael,Hernandez,michael.hernandez994@example.com,Manchester,UK,2021-08-12,51
995,David,Johnson,david.johnson995@example.com,Birmingham,UK,2018-06-29,73
996,James,Brown,james.brown996@example.com,Sheffield,UK,2019-03-15,24
997,James,Martinez,james.martinez997@example.com,Sheffield,UK,2022-05-11,21
998,Jennifer,Brown,jennifer.brown998@example.com,Manchester,UK,2024-10-17,31
999,David,Davis,david.davis999@example.com,Sheffield,UK,2018-11-24,41
1000,William,Miller,william.miller1000@example.com,London,UK,2022-02-20,51
