product_id,product_name,category,price,cost,stock_quantity,supplier
PRD_001,Smart Webcam,Electronics,125.21,91.76,322,TD SYNNEX
PRD_002,Smart Speaker,Electronics,336.32,191.26,469,TD SYNNEX
PRD_003,Rechargeable Speaker,Electronics,150.81,79.02,574,Tech Data
PRD_004,Wireless Router,Electronics,149.79,93.68,597,Exertis
PRD_005,4K Monitor,Electronics,196.94,147.55,141,Tech Data
PRD_006,Noise-Cancelling Headphones,Electronics,259.41,175.55,112,TD SYNNEX
PRD_007,Wireless Speaker,Electronics,323.03,222.12,432,Tech Data
PRD_008,Gaming Headphones,Electronics,55.17,31.14,479,Tech Data
PRD_009,Bluetooth Monitor,Electronics,144.41,88.95,11,Ingram Micro
PRD_010,Gaming External SSD,Electronics,348.8,213.15,273,Westcoast
PRD_011,Gaming Keyboard,Electronics,77.98,45.26,464,Ingram Micro
PRD_012,Bluetooth Headphones,Electronics,478.05,340.73,269,Tech Data
PRD_013,Noise-Cancelling Monitor,Electronics,386.92,233.04,108,Westcoast
PRD_014,Noise-Cancelling Tablet Stand,Electronics,424.78,255.84,203,TD SYNNEX
PRD_015,Gaming Webcam,Electronics,202.6,100.99,543,Ingram Micro
PRD_016,Smart Monitor,Electronics,309.49,184.64,114,Westcoast
PRD_017,Smart External SSD,Electronics,442.38,309.44,314,TD SYNNEX
PRD_018,Rechargeable Webcam,Electronics,52.5,37.45,80,Ingram Micro
PRD_019,Gaming Tablet Stand,Electronics,372.65,258.92,545,TD SYNNEX
PRD_020,Portable Power Bank,Electronics,85.98,50.95,562,TD SYNNEX
PRD_021,Portable Headphones,Electronics,150.89,107.39,433,TD SYNNEX
PRD_022,USB-C Speaker,Electronics,466.22,315.43,205,Westcoast
PRD_023,Portable Webcam,Electronics,214.51,139.75,382,Exertis
PRD_024,Rechargeable Tablet Stand,Electronics,452.31,264.8,253,TD SYNNEX
PRD_025,Compact Headphones,Electronics,55.4,25.28,567,TD SYNNEX
PRD_026,Smart Router,Electronics,304.5,137.68,60,TD SYNNEX
PRD_027,Compact Keyboard,Electronics,57.01,26.19,338,Ingram Micro
PRD_028,USB-C Tablet Stand,Electronics,269.21,143.64,497,TD SYNNEX
PRD_029,Compact Power Bank,Electronics,281.13,187.52,584,Tech Data
PRD_030,Portable Keyboard,Electronics,249.51,171.01,416,TD SYNNEX
PRD_031,Wireless External SSD,Electronics,69.79,45.2,362,Exertis
PRD_032,Smart Power Bank,Electronics,220.26,156.2,55,Ingram Micro
PRD_033,Noise-Cancelling Router,Electronics,53.78,35.95,111,TD SYNNEX
PRD_034,4K Keyboard,Electronics,116.0,70.86,143,Exertis
PRD_035,Gaming Mouse,Electronics,112.15,66.03,77,Exertis
PRD_036,Smart Mouse,Electronics,408.8,288.94,100,Ingram Micro
PRD_037,Rechargeable External SSD,Electronics,334.76,204.93,15,Ingram Micro
PRD_038,Noise-Cancelling Webcam,Electronics,465.01,327.65,170,Exertis
PRD_039,Compact Monitor,Electronics,255.67,131.45,410,Ingram Micro
PRD_040,Bluetooth Webcam,Electronics,103.19,46.5,399,Westcoast
PRD_041,Quiet Humidifier,Home Appliances,191.72,100.72,52,AO Business
PRD_042,Premium Dehumidifier,Home Appliances,232.96,162.79,45,AO Business
PRD_043,Compact Air Fryer,Home Appliances,136.73,66.89,268,Appliance House
PRD_044,Programmable Vacuum Cleaner,Home Appliances,267.18,164.45,437,Whirlpool Wholesale
PRD_045,Programmable Toaster,Home Appliances,33.08,15.63,152,Whirlpool Wholesale
PRD_046,Premium Kettle,Home Appliances,41.52,23.28,565,Appliance House
PRD_047,Cordless Steam Iron,Home Appliances,167.52,77.49,373,AO Business
PRD_048,Cordless Kettle,Home Appliances,317.65,162.96,255,AO Business
PRD_049,Stainless Steel Fan Heater,Home Appliances,143.17,88.47,416,Whirlpool Wholesale
PRD_050,Quiet Toaster,Home Appliances,269.82,196.36,242,Appliance House
PRD_051,Energy Efficient Coffee Machine,Home Appliances,342.38,237.35,422,AO Business
PRD_052,Digital Air Fryer,Home Appliances,87.39,63.56,421,Appliance House
PRD_053,Stainless Steel Steam Iron,Home Appliances,115.37,79.17,110,Bosch Trade Supply
PRD_054,Deluxe Microwave,Home Appliances,309.08,218.7,227,Appliance House
PRD_055,Compact Kettle,Home Appliances,291.3,171.31,312,Appliance House
PRD_056,Digital Toaster,Home Appliances,101.33,65.66,408,Beko Distribution
PRD_057,Energy Efficient Toaster,Home Appliances,119.14,56.09,285,Beko Distribution
PRD_058,Energy Efficient Humidifier,Home Appliances,235.26,134.08,549,Beko Distribution
PRD_059,Premium Coffee Machine,Home Appliances,330.55,160.19,267,Appliance House
PRD_060,Multi-Use Toaster,Home Appliances,215.78,160.77,39,AO Business
PRD_061,Premium Humidifier,Home Appliances,220.89,122.31,321,Bosch Trade Supply
PRD_062,Cordless Microwave,Home Appliances,223.98,135.16,394,Whirlpool Wholesale
PRD_063,Cordless Dehumidifier,Home Appliances,90.82,42.08,446,AO Business
PRD_064,Quiet Microwave,Home Appliances,196.36,135.87,201,Beko Distribution
PRD_065,Digital Coffee Machine,Home Appliances,168.01,123.43,338,Whirlpool Wholesale
PRD_066,Programmable Steam Iron,Home Appliances,130.44,91.88,307,Whirlpool Wholesale
PRD_067,Quiet Coffee Machine,Home Appliances,128.96,73.83,412,Beko Distribution
PRD_068,Digital Kettle,Home Appliances,207.4,105.27,388,Appliance House
PRD_069,Compact Steam Iron,Home Appliances,226.95,122.62,561,AO Business
PRD_070,Cordless Air Fryer,Home Appliances,127.23,65.28,593,Whirlpool Wholesale
PRD_071,Deluxe Kettle,Home Appliances,239.5,141.18,452,Appliance House
PRD_072,Energy Efficient Steam Iron,Home Appliances,193.57,133.2,173,AO Business
PRD_073,Multi-Use Vacuum Cleaner,Home Appliances,120.8,78.42,343,AO Business
PRD_074,Stainless Steel Kettle,Home Appliances,291.89,197.13,317,Appliance House
PRD_075,Multi-Use Fan Heater,Home Appliances,288.09,142.38,47,Appliance House
PRD_076,Stainless Steel Dehumidifier,Home Appliances,344.85,218.42,74,Bosch Trade Supply
PRD_077,Energy Efficient Microwave,Home Appliances,162.61,103.9,199,Bosch Trade Supply
PRD_078,Deluxe Vacuum Cleaner,Home Appliances,188.19,98.46,5,AO Business
PRD_079,Multi-Use Coffee Machine,Home Appliances,279.08,143.91,530,Bosch Trade Supply
PRD_080,Stainless Steel Coffee Machine,Home Appliances,46.06,24.17,124,Bosch Trade Supply
PRD_081,Non-Stick Baking Tray,Kitchen,147.01,82.88,431,Premier Housewares
PRD_082,Bamboo Frying Pan,Kitchen,160.27,94.73,552,Nisbets
PRD_083,Chef's Knife Set,Kitchen,189.97,105.43,70,Nisbets
PRD_084,Cast Iron Food Processor,Kitchen,145.75,107.11,204,Nisbets
PRD_085,Stainless Steel Blender,Kitchen,121.83,63.54,484,Nisbets
PRD_086,Heavy Duty Mixing Bowl,Kitchen,111.5,57.47,262,Premier Housewares
PRD_087,Chef's Chopping Board,Kitchen,40.19,25.41,117,Lakeland Trade
PRD_088,Compact Food Processor,Kitchen,183.64,88.59,26,Premier Housewares
PRD_089,Bamboo Chopping Board,Kitchen,113.63,82.09,384,KitchenCraft Wholesale
PRD_090,Cast Iron Frying Pan,Kitchen,179.45,91.43,248,Nisbets
PRD_091,Non-Stick Measuring Jug,Kitchen,135.48,73.22,123,ProCook Trade
PRD_092,Non-Stick Knife Set,Kitchen,150.86,83.6,438,Premier Housewares
PRD_093,Non-Stick Food Processor,Kitchen,22.4,14.43,12,KitchenCraft Wholesale
PRD_094,Family Size Frying Pan,Kitchen,158.01,76.11,370,KitchenCraft Wholesale
PRD_095,Bamboo Food Processor,Kitchen,137.31,79.73,534,Premier Housewares
PRD_096,Cast Iron Baking Tray,Kitchen,120.85,87.72,495,KitchenCraft Wholesale
PRD_097,Glass Storage Container Set,Kitchen,88.39,59.16,274,Premier Housewares
PRD_098,Chef's Blender,Kitchen,163.3,114.18,88,Premier Housewares
PRD_099,Glass Knife Set,Kitchen,168.68,88.25,475,ProCook Trade
PRD_100,Professional Storage Container Set,Kitchen,119.85,67.56,29,KitchenCraft Wholesale
PRD_101,Family Size Measuring Jug,Kitchen,163.16,82.32,217,Premier Housewares
PRD_102,Compact Chopping Board,Kitchen,153.6,84.8,282,ProCook Trade
PRD_103,Non-Stick Blender,Kitchen,11.82,8.68,87,Lakeland Trade
PRD_104,Stainless Steel Chopping Board,Kitchen,139.6,83.28,246,KitchenCraft Wholesale
PRD_105,Stainless Steel Baking Tray,Kitchen,126.25,75.4,17,Nisbets
PRD_106,Glass Baking Tray,Kitchen,62.95,35.96,249,Premier Housewares
PRD_107,Compact Mixing Bowl,Kitchen,129.5,72.61,566,ProCook Trade
PRD_108,Professional Baking Tray,Kitchen,71.87,53.83,563,Premier Housewares
PRD_109,Cast Iron Knife Set,Kitchen,73.32,42.97,313,Premier Housewares
PRD_110,Compact Baking Tray,Kitchen,51.49,34.31,323,Nisbets
PRD_111,Cast Iron Blender,Kitchen,143.71,105.66,189,Lakeland Trade
PRD_112,Stainless Steel Measuring Jug,Kitchen,48.94,29.13,537,ProCook Trade
PRD_113,Family Size Food Processor,Kitchen,60.93,29.26,198,Premier Housewares
PRD_114,Family Size Mixing Bowl,Kitchen,50.94,25.67,14,ProCook Trade
PRD_115,Compact Knife Set,Kitchen,32.77,15.19,55,ProCook Trade
PRD_116,Cast Iron Mixing Bowl,Kitchen,62.57,45.88,502,Nisbets
PRD_117,Bamboo Baking Tray,Kitchen,167.08,103.96,480,KitchenCraft Wholesale
PRD_118,Heavy Duty Blender,Kitchen,89.27,45.11,52,Premier Housewares
PRD_119,Chef's Frying Pan,Kitchen,179.38,106.43,66,KitchenCraft Wholesale
PRD_120,Bamboo Measuring Jug,Kitchen,98.5,61.38,54,Lakeland Trade
PRD_121,Lightweight Dumbbell Set,Sports & Outdoors,230.1,116.07,599,Sports Direct Trade
PRD_122,Lightweight Sleeping Bag,Sports & Outdoors,163.43,97.65,93,Sports Direct Trade
PRD_123,All-Weather Hiking Pole,Sports & Outdoors,95.46,52.5,107,Adidas Wholesale
PRD_124,Pro Running Backpack,Sports & Outdoors,91.15,59.99,295,Sports Direct Trade
PRD_125,Performance Water Bottle,Sports & Outdoors,205.81,126.58,465,Nike Team Sales
PRD_126,Foldable Fitness Tracker Strap,Sports & Outdoors,87.53,47.88,413,Mountain Warehouse Trade
PRD_127,Pro Dumbbell Set,Sports & Outdoors,208.5,93.9,555,Sports Direct Trade
PRD_128,Adjustable Sleeping Bag,Sports & Outdoors,110.93,56.16,370,Mountain Warehouse Trade
PRD_129,Performance Yoga Mat,Sports & Outdoors,192.27,122.6,52,Adidas Wholesale
PRD_130,Waterproof Yoga Mat,Sports & Outdoors,76.28,37.32,294,Sports Direct Trade
PRD_131,Trail Camping Chair,Sports & Outdoors,221.75,132.03,29,Mountain Warehouse Trade
PRD_132,Performance Resistance Band Set,Sports & Outdoors,202.43,134.2,318,Mountain Warehouse Trade
PRD_133,Trail Sleeping Bag,Sports & Outdoors,16.23,9.29,230,Nike Team Sales
PRD_134,Training Resistance Band Set,Sports & Outdoors,122.35,59.37,157,Sports Direct Trade
PRD_135,All-Weather Cycling Helmet,Sports & Outdoors,234.03,125.8,279,Sports Direct Trade
PRD_136,Performance Dumbbell Set,Sports & Outdoors,210.82,156.87,249,Sports Direct Trade
PRD_137,Trail Dumbbell Set,Sports & Outdoors,143.64,81.17,520,Adidas Wholesale
PRD_138,Waterproof Water Bottle,Sports & Outdoors,217.76,116.04,424,Decathlon Pro
PRD_139,Lightweight Yoga Mat,Sports & Outdoors,234.41,141.19,2,Decathlon Pro
PRD_140,Pro Camping Chair,Sports & Outdoors,185.06,129.77,593,Sports Direct Trade
PRD_141,All-Weather Camping Chair,Sports & Outdoors,218.06,127.34,495,Decathlon Pro
PRD_142,Pro Water Bottle,Sports & Outdoors,91.78,62.31,386,Sports Direct Trade
PRD_143,Pro Resistance Band Set,Sports & Outdoors,234.08,166.4,244,Mountain Warehouse Trade
PRD_144,Adjustable Running Backpack,Sports & Outdoors,103.75,73.33,420,Nike Team Sales
PRD_145,Foldable Yoga Mat,Sports & Outdoors,88.4,52.32,390,Sports Direct Trade
PRD_146,Lightweight Hiking Pole,Sports & Outdoors,247.24,170.03,155,Sports Direct Trade
PRD_147,Insulated Sleeping Bag,Sports & Outdoors,241.65,117.89,339,Nike Team Sales
PRD_148,Adjustable Resistance Band Set,Sports & Outdoors,220.17,128.16,538,Sports Direct Trade
PRD_149,Adjustable Water Bottle,Sports & Outdoors,16.63,8.2,158,Nike Team Sales
PRD_150,Training Running Backpack,Sports & Outdoors,124.26,92.05,346,Mountain Warehouse Trade
PRD_151,Insulated Cycling Helmet,Sports & Outdoors,177.16,114.26,336,Mountain Warehouse Trade
PRD_152,All-Weather Dumbbell Set,Sports & Outdoors,103.05,56.16,499,Mountain Warehouse Trade
PRD_153,Adjustable Hiking Pole,Sports & Outdoors,21.5,10.12,294,Adidas Wholesale
PRD_154,Foldable Hiking Pole,Sports & Outdoors,189.97,110.22,100,Nike Team Sales
PRD_155,Pro Fitness Tracker Strap,Sports & Outdoors,118.14,77.76,29,Nike Team Sales
PRD_156,Training Water Bottle,Sports & Outdoors,89.87,41.95,367,Decathlon Pro
PRD_157,Lightweight Water Bottle,Sports & Outdoors,115.06,60.21,421,Mountain Warehouse Trade
PRD_158,Adjustable Yoga Mat,Sports & Outdoors,174.58,87.99,179,Nike Team Sales
PRD_159,Insulated Fitness Tracker Strap,Sports & Outdoors,157.44,88.92,246,Sports Direct Trade
PRD_160,Waterproof Cycling Helmet,Sports & Outdoors,229.33,113.04,472,Decathlon Pro
PRD_161,Advanced Design Thinking Guide,Books,23.09,15.05,268,Pearson Wholesale
PRD_162,Complete Project Management Handbook,Books,20.8,13.34,380,Penguin Random House
PRD_163,Essential Design Thinking Guide,Books,29.91,17.69,574,Hachette UK
PRD_164,Advanced Finance Basics,Books,37.36,19.29,64,Macmillan Distribution
PRD_165,Illustrated Leadership Manual,Books,37.18,20.1,418,Penguin Random House
PRD_166,Pocket Design Thinking Guide,Books,13.32,9.78,311,Macmillan Distribution
PRD_167,Essential Data Analysis Guide,Books,12.59,6.55,550,HarperCollins
PRD_168,Advanced Python Workbook,Books,21.04,11.81,553,Macmillan Distribution
PRD_169,Advanced Data Analysis Guide,Books,27.2,18.17,424,Penguin Random House
PRD_170,Beginner's Python Workbook,Books,34.83,22.11,286,Penguin Random House
PRD_171,Comprehensive Cybersecurity Primer,Books,30.39,15.66,455,HarperCollins
PRD_172,Complete Design Thinking Guide,Books,35.51,17.04,376,Pearson Wholesale
PRD_173,Professional Python Workbook,Books,36.94,23.77,62,Macmillan Distribution
PRD_174,Advanced Cybersecurity Primer,Books,17.54,12.99,465,Penguin Random House
PRD_175,Illustrated Project Management Handbook,Books,29.54,18.98,21,Penguin Random House
PRD_176,Pocket Excel Reference,Books,33.38,17.46,128,Pearson Wholesale
PRD_177,Pocket Leadership Manual,Books,15.35,10.73,567,HarperCollins
PRD_178,Professional Finance Basics,Books,27.17,18.85,238,Hachette UK
PRD_179,Essential Marketing Playbook,Books,33.0,22.66,2,Hachette UK
PRD_180,Practical Data Analysis Guide,Books,35.6,17.57,133,Pearson Wholesale
PRD_181,Professional Data Analysis Guide,Books,16.76,8.42,26,HarperCollins
PRD_182,Practical Finance Basics,Books,9.45,6.49,243,Pearson Wholesale
PRD_183,Complete Leadership Manual,Books,19.03,9.56,53,HarperCollins
PRD_184,Advanced Leadership Manual,Books,31.98,19.44,65,Macmillan Distribution
PRD_185,Comprehensive Statistics Handbook,Books,22.89,12.79,111,Macmillan Distribution
PRD_186,Illustrated Marketing Playbook,Books,24.61,18.05,44,Pearson Wholesale
PRD_187,Beginner's Finance Basics,Books,18.34,11.79,31,Penguin Random House
PRD_188,Comprehensive Marketing Playbook,Books,39.95,28.13,436,Penguin Random House
PRD_189,Practical Design Thinking Guide,Books,24.19,17.49,75,Penguin Random House
PRD_190,Comprehensive Data Analysis Guide,Books,18.98,9.39,129,Hachette UK
PRD_191,Essential Leadership Manual,Books,28.34,17.73,332,Macmillan Distribution
PRD_192,Beginner's Design Thinking Guide,Books,39.82,24.26,464,Pearson Wholesale
PRD_193,Practical Project Management Handbook,Books,27.76,13.32,117,Pearson Wholesale
PRD_194,Complete Excel Reference,Books,31.34,16.12,462,HarperCollins
PRD_195,Professional Project Management Handbook,Books,21.82,15.24,408,Macmillan Distribution
PRD_196,Practical Cybersecurity Primer,Books,31.61,17.19,320,Hachette UK
PRD_197,Essential Finance Basics,Books,20.59,10.21,485,Penguin Random House
PRD_198,Beginner's Marketing Playbook,Books,11.82,5.62,442,Penguin Random House
PRD_199,Complete Marketing Playbook,Books,32.07,18.02,133,Pearson Wholesale
PRD_200,Pocket Project Management Handbook,Books,10.85,8.0,575,Hachette UK
PRD_201,Classic Sweatshirt,Clothing,59.29,26.82,440,ASOS Supply
PRD_202,Waterproof Jacket,Clothing,32.43,19.77,235,Under Armour Trade
PRD_203,Slim Fit Shorts,Clothing,90.42,58.81,362,Next Sourcing
PRD_204,Slim Fit Jacket,Clothing,68.59,46.13,446,Next Sourcing
PRD_205,Crew Neck Joggers,Clothing,77.06,36.48,320,Under Armour Trade
PRD_206,Classic Jacket,Clothing,72.94,41.67,427,M&S Wholesale
PRD_207,Performance Hoodie,Clothing,30.54,13.93,332,ASOS Supply
PRD_208,Performance Raincoat,Clothing,123.17,78.27,370,Next Sourcing
PRD_209,Lightweight Shorts,Clothing,73.95,35.63,446,Under Armour Trade
PRD_210,Cotton Jacket,Clothing,69.05,32.7,317,M&S Wholesale
PRD_211,Waterproof Hoodie,Clothing,44.9,30.7,78,Under Armour Trade
PRD_212,Crew Neck Jacket,Clothing,100.48,61.21,198,M&S Wholesale
PRD_213,Crew Neck T-Shirt,Clothing,62.39,46.01,151,ASOS Supply
PRD_214,Crew Neck Raincoat,Clothing,28.87,15.21,177,Under Armour Trade
PRD_215,Thermal Hoodie,Clothing,35.63,24.15,77,ASOS Supply
PRD_216,Lightweight Polo Shirt,Clothing,143.41,91.55,475,Under Armour Trade
PRD_217,Zip-Up Fleece,Clothing,117.57,68.74,578,Under Armour Trade
PRD_218,Crew Neck Fleece,Clothing,58.62,43.45,323,ASOS Supply
PRD_219,Thermal Raincoat,Clothing,74.36,43.92,310,M&S Wholesale
PRD_220,Lightweight Jacket,Clothing,94.83,52.69,75,M&S Wholesale
PRD_221,Thermal Shorts,Clothing,77.33,35.67,377,M&S Wholesale
PRD_222,Slim Fit Raincoat,Clothing,25.35,17.98,92,Under Armour Trade
PRD_223,Relaxed Fit Joggers,Clothing,95.19,53.82,594,Under Armour Trade
PRD_224,Classic Shorts,Clothing,143.81,96.59,42,Puma Teamwear
PRD_225,Zip-Up Polo Shirt,Clothing,137.71,85.59,192,M&S Wholesale
PRD_226,Waterproof T-Shirt,Clothing,96.67,58.04,63,Puma Teamwear
PRD_227,Relaxed Fit Sweatshirt,Clothing,28.96,20.84,351,Next Sourcing
PRD_228,Relaxed Fit Shorts,Clothing,83.1,41.7,253,Puma Teamwear
PRD_229,Thermal Oxford Shirt,Clothing,148.77,90.34,162,M&S Wholesale
PRD_230,Relaxed Fit Fleece,Clothing,65.33,34.94,418,M&S Wholesale
PRD_231,Relaxed Fit T-Shirt,Clothing,106.64,49.66,342,Next Sourcing
PRD_232,Slim Fit Sweatshirt,Clothing,59.5,36.73,395,M&S Wholesale
PRD_233,Waterproof Sweatshirt,Clothing,49.01,34.58,153,M&S Wholesale
PRD_234,Waterproof Shorts,Clothing,25.99,16.87,358,M&S Wholesale
PRD_235,Performance Sweatshirt,Clothing,145.63,96.05,401,ASOS Supply
PRD_236,Zip-Up Jacket,Clothing,95.32,69.72,317,Under Armour Trade
PRD_237,Crew Neck Shorts,Clothing,65.84,45.26,130,Under Armour Trade
PRD_238,Performance T-Shirt,Clothing,27.61,17.98,520,M&S Wholesale
PRD_239,Performance Shorts,Clothing,17.45,9.47,219,M&S Wholesale
PRD_240,Cotton T-Shirt,Clothing,142.93,85.17,231,ASOS Supply
PRD_241,Nourishing Face Serum,Beauty,15.77,7.8,540,Coty Distribution
PRD_242,Balancing Hand Cream,Beauty,10.55,5.66,308,L'Oréal Professional
PRD_243,Brightening Face Serum,Beauty,7.38,4.25,468,L'Oréal Professional
PRD_244,Daily Body Lotion,Beauty,10.53,7.6,548,L'Oréal Professional
PRD_245,Repairing Moisturiser,Beauty,36.59,22.78,147,Unilever Beauty
PRD_246,Revitalising Face Serum,Beauty,26.45,16.78,246,Salon Services
PRD_247,Gentle Face Serum,Beauty,25.82,16.77,87,Salon Services
PRD_248,Nourishing Conditioner,Beauty,53.72,25.26,538,Salon Services
PRD_249,Brightening Body Lotion,Beauty,30.36,22.66,567,L'Oréal Professional
PRD_250,Soothing Face Serum,Beauty,24.51,14.49,396,Unilever Beauty
PRD_251,Repairing Shampoo,Beauty,17.67,8.04,69,Unilever Beauty
PRD_252,Brightening Shampoo,Beauty,17.05,11.03,106,Salon Services
PRD_253,Repairing Hand Cream,Beauty,41.75,22.95,45,Unilever Beauty
PRD_254,Soothing Moisturiser,Beauty,32.29,22.41,179,Coty Distribution
PRD_255,Daily Moisturiser,Beauty,54.03,32.07,186,PZ Cussons
PRD_256,Repairing Body Lotion,Beauty,8.15,5.57,468,L'Oréal Professional
PRD_257,Fragrance-Free Face Cleanser,Beauty,19.66,9.11,204,L'Oréal Professional
PRD_258,Brightening Face Cleanser,Beauty,20.77,11.28,407,Salon Services
PRD_259,Soothing Sunscreen,Beauty,28.66,13.21,195,Unilever Beauty
PRD_260,Nourishing Sunscreen,Beauty,22.84,15.63,339,Unilever Beauty
PRD_261,Nourishing Moisturiser,Beauty,11.21,6.28,409,Coty Distribution
PRD_262,Hydrating Shampoo,Beauty,49.72,28.14,191,Coty Distribution
PRD_263,Fragrance-Free Lip Balm,Beauty,39.59,22.18,531,Unilever Beauty
PRD_264,Repairing Face Cleanser,Beauty,45.05,30.1,80,Coty Distribution
PRD_265,Revitalising Moisturiser,Beauty,35.11,24.46,558,Unilever Beauty
PRD_266,Fragrance-Free Body Lotion,Beauty,21.05,9.98,302,Unilever Beauty
PRD_267,Fragrance-Free Face Serum,Beauty,27.29,18.16,170,Coty Distribution
PRD_268,Hydrating Moisturiser,Beauty,22.57,10.44,361,Salon Services
PRD_269,Revitalising Conditioner,Beauty,54.9,29.23,58,L'Oréal Professional
PRD_270,Hydrating Face Cleanser,Beauty,38.55,22.05,525,PZ Cussons
PRD_271,Balancing Shampoo,Beauty,52.63,25.94,448,L'Oréal Professional
PRD_272,Gentle Shampoo,Beauty,11.3,5.89,375,Unilever Beauty
PRD_273,Fragrance-Free Conditioner,Beauty,24.13,14.96,157,Coty Distribution
PRD_274,Revitalising Body Lotion,Beauty,52.43,29.44,78,Salon Services
PRD_275,Nourishing Shampoo,Beauty,11.87,6.65,321,Unilever Beauty
PRD_276,Gentle Hand Cream,Beauty,17.47,8.46,190,Coty Distribution
PRD_277,Repairing Lip Balm,Beauty,30.88,22.36,120,Unilever Beauty
PRD_278,Balancing Moisturiser,Beauty,43.74,28.92,219,Salon Services
PRD_279,Gentle Lip Balm,Beauty,19.27,13.97,502,PZ Cussons
PRD_280,Revitalising Hand Cream,Beauty,11.12,7.85,462,PZ Cussons
PRD_281,Executive Printer Paper,Office Supplies,196.72,133.79,426,Ryman Trade
PRD_282,A4 Stapler,Office Supplies,193.13,115.76,558,Staples Business
PRD_283,Adjustable Whiteboard,Office Supplies,193.99,104.88,250,Office Depot
PRD_284,Premium Whiteboard,Office Supplies,92.03,43.43,61,Lyreco
PRD_285,Premium Stapler,Office Supplies,134.11,79.83,208,Staples Business
PRD_286,Colour Monitor Riser,Office Supplies,183.56,99.82,326,Staples Business
PRD_287,Premium Printer Paper,Office Supplies,292.7,143.2,379,Ryman Trade
PRD_288,A4 Notebook,Office Supplies,170.24,92.91,477,Bunzl
PRD_289,Magnetic Notebook,Office Supplies,83.16,43.61,99,Bunzl
PRD_290,Ergonomic Whiteboard,Office Supplies,89.89,50.81,428,Lyreco
PRD_291,Heavy Duty Printer Paper,Office Supplies,288.95,208.24,335,Ryman Trade
PRD_292,Ergonomic Desk Chair,Office Supplies,217.44,110.23,163,Office Depot
PRD_293,Ergonomic Label Maker,Office Supplies,298.8,176.31,315,Office Depot
PRD_294,Portable Document Shredder,Office Supplies,10.85,7.96,517,Office Depot
PRD_295,Executive Stapler,Office Supplies,290.13,149.28,361,Bunzl
PRD_296,A4 Document Shredder,Office Supplies,18.95,11.34,481,Staples Business
PRD_297,Colour Notebook,Office Supplies,162.85,114.67,441,Lyreco
PRD_298,Colour Printer Paper,Office Supplies,265.2,177.22,412,Staples Business
PRD_299,Heavy Duty Stapler,Office Supplies,17.38,8.09,575,Lyreco
PRD_300,Desktop Desk Chair,Office Supplies,111.3,59.72,395,Ryman Trade
PRD_301,Portable Printer Paper,Office Supplies,137.29,84.43,121,Lyreco
PRD_302,Executive Filing Cabinet,Office Supplies,292.61,166.25,347,Ryman Trade
PRD_303,Executive Label Maker,Office Supplies,281.92,190.72,203,Ryman Trade
PRD_304,Adjustable Monitor Riser,Office Supplies,154.69,92.82,46,Bunzl
PRD_305,A4 Monitor Riser,Office Supplies,44.55,24.5,485,Ryman Trade
PRD_306,Portable Stapler,Office Supplies,139.26,88.0,527,Lyreco
PRD_307,A4 Desk Chair,Office Supplies,101.07,64.07,166,Office Depot
PRD_308,Desktop Document Shredder,Office Supplies,297.21,199.66,306,Ryman Trade
PRD_309,Portable Whiteboard,Office Supplies,103.56,72.34,545,Office Depot
PRD_310,Magnetic Filing Cabinet,Office Supplies,213.78,115.43,17,Staples Business
PRD_311,Executive Desk Organiser,Office Supplies,102.04,49.27,426,Ryman Trade
PRD_312,Colour Desk Chair,Office Supplies,95.06,68.41,27,Ryman Trade
PRD_313,Ergonomic Printer Paper,Office Supplies,144.47,106.93,592,Ryman Trade
PRD_314,Adjustable Label Maker,Office Supplies,71.34,33.2,491,Lyreco
PRD_315,Executive Desk Chair,Office Supplies,159.16,106.06,389,Lyreco
PRD_316,Ergonomic Notebook,Office Supplies,247.2,129.2,586,Bunzl
PRD_317,Ergonomic Filing Cabinet,Office Supplies,60.46,35.21,428,Lyreco
PRD_318,A4 Filing Cabinet,Office Supplies,126.23,64.52,513,Ryman Trade
PRD_319,Magnetic Desk Chair,Office Supplies,276.46,196.8,63,Lyreco
PRD_320,A4 Desk Organiser,Office Supplies,157.52,97.39,489,Ryman Trade
PRD_321,Interactive Train Set,Toys & Games,28.86,19.47,296,Hasbro Distribution
PRD_322,Creative Craft Kit,Toys & Games,9.03,5.6,109,Ravensburger Trade
PRD_323,Deluxe Train Set,Toys & Games,39.86,29.76,556,Character Options
PRD_324,Educational Train Set,Toys & Games,63.31,46.32,516,Learning Resources UK
PRD_325,Wooden Action Figure,Toys & Games,38.55,26.7,338,Mattel Wholesale
PRD_326,Wooden Board Game,Toys & Games,89.88,57.93,190,Hasbro Distribution
PRD_327,Deluxe Card Game,Toys & Games,90.49,62.19,581,Mattel Wholesale
PRD_328,Mini Board Game,Toys & Games,27.65,19.54,415,Learning Resources UK
PRD_329,Junior Puzzle Set,Toys & Games,65.7,31.27,97,Mattel Wholesale
PRD_330,Classic Card Game,Toys & Games,117.94,69.97,254,Hasbro Distribution
PRD_331,Interactive Craft Kit,Toys & Games,37.2,19.37,273,Ravensburger Trade
PRD_332,Deluxe Craft Kit,Toys & Games,41.81,27.88,11,Ravensburger Trade
PRD_333,Mini Doll House,Toys & Games,81.2,53.42,63,Hasbro Distribution
PRD_334,Interactive Board Game,Toys & Games,60.11,29.93,514,Ravensburger Trade
PRD_335,Mini Card Game,Toys & Games,85.3,54.73,302,Ravensburger Trade
PRD_336,Educational Board Game,Toys & Games,76.83,39.62,136,Learning Resources UK
PRD_337,Creative Card Game,Toys & Games,25.15,16.96,382,Learning Resources UK
PRD_338,Wooden Puzzle Set,Toys & Games,86.61,62.69,550,Mattel Wholesale
PRD_339,Educational Action Figure,Toys & Games,93.32,61.04,83,Character Options
PRD_340,Junior Doll House,Toys & Games,58.03,38.37,79,Character Options
PRD_341,Deluxe Action Figure,Toys & Games,20.56,14.36,517,Mattel Wholesale
PRD_342,Creative Remote Control Car,Toys & Games,72.13,35.7,335,Character Options
PRD_343,Deluxe Puzzle Set,Toys & Games,57.48,37.6,597,Learning Resources UK
PRD_344,Interactive Building Blocks,Toys & Games,18.18,10.96,56,Learning Resources UK
PRD_345,Interactive Action Figure,Toys & Games,22.77,13.08,577,Hasbro Distribution
PRD_346,Travel Doll House,Toys & Games,70.58,46.01,315,Hasbro Distribution
PRD_347,Educational Puzzle Set,Toys & Games,52.34,36.37,223,Character Options
PRD_348,Educational Remote Control Car,Toys & Games,16.17,9.33,65,Character Options
PRD_349,Classic Remote Control Car,Toys & Games,119.33,87.16,70,Learning Resources UK
PRD_350,Family Building Blocks,Toys & Games,11.54,6.61,138,Learning Resources UK
PRD_351,Junior Train Set,Toys & Games,49.93,35.82,459,Learning Resources UK
PRD_352,Interactive Card Game,Toys & Games,50.06,32.78,552,Mattel Wholesale
PRD_353,Deluxe Board Game,Toys & Games,81.19,45.01,182,Character Options
PRD_354,Creative Doll House,Toys & Games,52.01,25.39,228,Hasbro Distribution
PRD_355,Interactive Remote Control Car,Toys & Games,92.68,68.91,474,Character Options
PRD_356,Mini Remote Control Car,Toys & Games,55.49,31.28,235,Mattel Wholesale
PRD_357,Travel Building Blocks,Toys & Games,59.58,29.58,193,Hasbro Distribution
PRD_358,Wooden Remote Control Car,Toys & Games,11.6,7.52,16,Mattel Wholesale
PRD_359,Mini Puzzle Set,Toys & Games,31.07,14.92,34,Learning Resources UK
PRD_360,Educational Card Game,Toys & Games,74.94,49.53,49,Mattel Wholesale
PRD_361,Outdoor Lead,Pet Supplies,98.85,55.14,267,Petface
PRD_362,Interactive Lead,Pet Supplies,95.22,57.05,100,Bob Martin Trade
PRD_363,Adjustable Pet Bowl,Pet Supplies,138.51,75.64,208,Petface
PRD_364,Premium Scratching Post,Pet Supplies,60.44,28.03,226,Rosewood Pet
PRD_365,Orthopaedic Chew Toy,Pet Supplies,8.81,5.43,598,Johnson's Veterinary
PRD_366,Grain-Free Harness,Pet Supplies,131.27,70.7,200,Petface
PRD_367,Premium Pet Carrier,Pet Supplies,46.01,28.57,251,Bob Martin Trade
PRD_368,Outdoor Dog Bed,Pet Supplies,101.8,74.62,345,Petface
PRD_369,Adjustable Treat Pouch,Pet Supplies,138.81,82.81,502,Bob Martin Trade
PRD_370,Washable Treat Pouch,Pet Supplies,35.26,24.28,173,Rosewood Pet
PRD_371,Adjustable Harness,Pet Supplies,131.32,78.33,555,Pets at Home Trade
PRD_372,Interactive Litter Tray,Pet Supplies,97.16,68.18,76,Pets at Home Trade
PRD_373,Natural Dog Bed,Pet Supplies,138.98,79.74,236,Pets at Home Trade
PRD_374,Premium Chew Toy,Pet Supplies,129.04,58.42,517,Bob Martin Trade
PRD_375,Washable Pet Bowl,Pet Supplies,70.93,45.07,494,Bob Martin Trade
PRD_376,Grain-Free Dog Bed,Pet Supplies,8.73,5.32,421,Pets at Home Trade
PRD_377,Outdoor Pet Carrier,Pet Supplies,8.9,5.93,548,Petface
PRD_378,Durable Dog Bed,Pet Supplies,8.97,6.22,440,Rosewood Pet
PRD_379,Orthopaedic Dog Bed,Pet Supplies,24.61,11.79,152,Rosewood Pet
PRD_380,Indoor Lead,Pet Supplies,39.39,23.95,362,Petface
PRD_381,Interactive Pet Bowl,Pet Supplies,144.31,68.36,415,Bob Martin Trade
PRD_382,Washable Cat Tree,Pet Supplies,104.3,77.92,231,Petface
PRD_383,Premium Dog Bed,Pet Supplies,125.01,88.05,32,Pets at Home Trade
PRD_384,Indoor Dog Bed,Pet Supplies,76.51,43.09,487,Pets at Home Trade
PRD_385,Outdoor Treat Pouch,Pet Supplies,116.78,77.17,84,Bob Martin Trade
PRD_386,Grain-Free Pet Bowl,Pet Supplies,153.08,98.5,339,Johnson's Veterinary
PRD_387,Grain-Free Cat Tree,Pet Supplies,176.05,130.66,540,Pets at Home Trade
PRD_388,Washable Litter Tray,Pet Supplies,45.97,33.12,580,Bob Martin Trade
PRD_389,Natural Chew Toy,Pet Supplies,53.16,38.66,287,Johnson's Veterinary
PRD_390,Indoor Harness,Pet Supplies,104.04,47.84,322,Pets at Home Trade
PRD_391,Natural Scratching Post,Pet Supplies,173.29,108.5,407,Pets at Home Trade
PRD_392,Outdoor Cat Tree,Pet Supplies,58.06,35.95,580,Bob Martin Trade
PRD_393,Interactive Treat Pouch,Pet Supplies,123.79,75.78,393,Rosewood Pet
PRD_394,Durable Pet Bowl,Pet Supplies,143.54,94.28,80,Johnson's Veterinary
PRD_395,Indoor Treat Pouch,Pet Supplies,135.7,75.14,100,Bob Martin Trade
PRD_396,Orthopaedic Lead,Pet Supplies,46.38,21.93,406,Petface
PRD_397,Adjustable Scratching Post,Pet Supplies,11.14,5.93,461,Bob Martin Trade
PRD_398,Outdoor Scratching Post,Pet Supplies,45.69,28.14,384,Bob Martin Trade
PRD_399,Orthopaedic Cat Tree,Pet Supplies,38.31,23.97,389,Pets at Home Trade
PRD_400,Durable Lead,Pet Supplies,140.35,75.59,252,Pets at Home Trade
